ID,1993,1994,1995,1996,1997,1998,1999,2000,2001,2002,2003,2004,2005,2006,2007,2008,2009,2010,2011,2012,2013,2014,2015,2016,2017,2018
7003684364,2,2,2,2,2,2,2,2,2,2,2,2,2,2,2,2,2,2,2,2,2,2,2,2,2,2
6701334024,2,3,7,7,7,10,11,13,13,18,21,22,22,25,25,27,32,33,33,36,36,36,36,38,38,41
23009472100,1,1,2,2,2,2,2,5,5,5,6,7,7,7,8,8,9,9,9,10,10,10,10,10,10,10
7004674188,4,4,5,7,7,7,7,7,9,9,10,10,10,11,11,12,12,13,14,14,15,17,18,19,21,22
7003680929,1,2,2,3,3,3,3,3,5,6,6,6,6,6,8,8,10,10,20,20,20,27,27,27,29,29
6506380271,2,2,3,4,5,5,5,5,5,5,5,5,7,19,19,22,22,26,33,33,33,33,33,37,37,40
7004682339,2,3,3,3,5,5,5,13,20,31,33,34,35,35,35,35,35,39,39,39,39,39,39,39,47,47
6602553044,1,1,1,2,4,8,8,11,11,13,13,13,15,15,19,21,28,29,33,33,37,37,43,44,44,46
7003443578,1,1,1,3,3,5,5,5,5,5,5,8,8,8,8,8,8,12,14,15,15,15,15,15,15,15
7006129507,1,1,1,1,1,1,1,1,1,1,1,1,1,1,1,1,1,1,1,1,1,1,1,1,1,1
7801594242,1,1,1,1,1,1,1,1,1,3,3,3,3,3,3,3,3,3,3,3,7,7,11,11,11,11
6601995666,2,2,2,2,2,13,13,14,14,19,24,24,26,26,33,37,38,40,42,48,48,49,49,49,49,49
7004687440,1,4,5,5,5,7,7,7,7,9,9,11,21,25,28,34,44,44,46,46,46,47,47,49,49,49
7005318353,1,2,2,3,3,3,4,4,8,8,8,8,8,8,10,10,10,10,10,10,10,10,10,10,10,10
16157477600,1,1,1,1,1,1,1,1,1,1,1,1,1,1,1,1,1,1,1,1,1,1,1,1,1,1
6604014834,2,3,6,9,10,10,12,12,12,12,14,14,16,16,16,18,18,20,21,22,22,22,22,22,22,22
7007007278,4,4,4,4,4,4,4,4,4,4,4,4,4,4,4,4,4,4,4,4,4,4,4,4,4,4
55587723600,4,4,5,5,8,9,11,11,14,14,18,18,20,23,27,29,30,35,37,41,46,51,56,62,64,66
6603858404,2,2,11,11,11,11,13,15,21,21,21,21,21,21,21,21,21,21,21,21,21,21,21,21,21,21
6602916924,2,2,3,3,3,5,5,5,5,5,5,5,5,5,5,5,5,5,5,5,5,5,5,5,5,5
6507045634,2,2,2,2,2,2,2,2,2,2,2,2,2,2,2,2,2,2,2,2,2,2,2,2,4,4
7003575109,2,2,6,11,11,13,17,22,30,30,31,31,32,32,32,32,32,32,32,32,32,32,32,32,32,32
55604396400,2,2,2,4,4,4,4,4,4,4,4,4,10,10,14,38,44,44,44,44,44,44,44,44,44,44
7202281141,1,1,1,1,1,1,1,1,1,1,1,1,1,1,1,1,1,5,5,11,17,19,19,19,21,21
6507714691,8,8,8,8,8,8,8,12,12,12,12,12,12,12,12,12,12,12,12,12,12,12,12,12,12,12
7801443249,1,1,2,2,2,4,4,4,4,4,4,4,4,4,4,5,5,11,12,12,12,15,15,15,15,15
6602406658,14,14,14,14,14,57,57,57,70,72,72,72,72,72,72,72,72,72,72,72,72,72,76,76,81,81
7102665481,3,3,3,3,3,6,6,6,6,6,6,6,6,6,13,13,13,13,13,13,13,13,13,13,13,13
6603527267,2,2,2,2,6,6,7,7,7,7,7,7,9,11,11,13,13,14,14,14,14,14,14,14,14,14
56847096800,3,3,3,3,3,5,5,5,5,5,5,5,5,5,5,7,12,16,16,16,16,16,19,19,21,23
14045835500,4,4,4,5,5,6,6,7,7,17,19,20,47,52,65,69,74,74,76,77,78,78,78,78,78,78
6701428067,2,2,5,5,5,5,5,5,5,5,5,5,5,5,5,5,5,5,5,5,5,5,5,5,5,5
7004155246,2,7,8,9,10,10,14,14,14,16,16,17,18,18,18,18,18,18,18,18,18,18,18,18,18,18
6508300953,2,2,5,5,5,7,7,7,7,7,7,7,7,7,7,7,7,7,9,9,9,9,9,9,9,9
57194440530,3,6,9,12,12,13,14,14,15,16,16,20,27,32,32,32,32,32,32,37,37,37,37,37,46,46
6603078958,3,3,3,4,4,4,4,8,8,10,16,17,17,17,22,23,25,25,27,32,33,38,59,59,62,74
7003354933,2,2,2,2,2,2,10,10,10,10,10,10,10,13,13,13,13,25,25,25,25,25,25,25,25,25
6507248524,2,2,3,4,4,4,4,4,4,4,4,4,4,4,4,4,4,4,4,4,4,4,4,4,4,4
56269352900,1,1,1,1,1,1,1,1,1,2,2,2,2,2,11,11,11,16,19,19,19,19,19,19,19,19
11839190100,1,1,1,1,1,1,1,1,3,3,3,7,10,14,17,21,25,29,31,34,35,37,40,41,42,42
6603966207,1,1,2,4,5,9,11,11,19,19,19,19,19,19,19,19,19,19,19,19,19,19,19,19,19,19
55905910200,1,1,1,1,1,1,3,3,5,5,7,7,8,8,11,12,15,18,21,21,21,33,33,33,35,55
7402648649,2,2,4,4,6,7,8,8,11,14,17,18,18,22,22,25,25,25,39,39,42,45,46,46,46,50
6701756353,2,2,2,2,2,2,3,3,3,7,7,7,7,7,7,9,12,14,14,17,17,17,17,17,17,18
7003955549,2,2,2,2,2,2,2,2,5,5,5,5,5,5,5,5,5,5,5,5,5,5,5,5,5,5
7004683292,3,3,3,3,3,3,6,6,6,9,9,9,9,9,9,9,10,10,12,12,14,14,20,20,22,25
57191295467,1,2,2,2,2,2,2,2,2,2,2,2,2,2,2,2,2,2,11,11,11,11,11,11,11,11
6602838110,1,1,1,1,1,1,1,1,1,1,5,5,5,5,5,5,5,5,5,5,5,5,5,5,5,5
7101659682,2,2,2,2,12,22,24,32,42,49,57,74,74,76,95,105,115,117,117,117,118,119,119,120,123,123
7102355083,3,3,3,5,5,5,5,6,6,11,12,12,12,12,12,12,12,12,12,12,12,12,12,12,12,12
12791692400,3,3,3,3,3,3,3,5,5,5,5,5,5,5,5,5,5,5,5,5,5,5,5,5,5,5
7006443753,3,3,3,3,3,3,3,3,3,3,3,3,3,3,3,3,3,3,3,3,3,3,3,3,3,3
35615894200,2,2,2,2,4,4,4,4,5,6,10,15,21,38,41,46,63,66,74,76,85,96,100,102,113,114
6602389038,1,1,1,1,1,4,4,5,5,8,10,11,11,13,19,30,52,56,61,66,66,66,67,72,84,84
7004652929,7,7,7,8,8,8,8,8,8,9,9,9,14,16,18,20,26,38,39,40,44,44,52,61,64,64
7007017942,2,2,2,2,5,5,5,10,22,26,26,45,45,66,70,78,86,117,118,120,132,155,157,163,164,169
55944931800,3,3,3,3,3,3,6,6,6,6,6,6,6,6,6,6,6,6,6,6,6,6,6,6,6,6
6603899328,3,3,3,3,3,3,3,3,3,3,3,3,3,3,3,3,3,3,3,3,3,3,3,3,3,3
26030478500,4,4,4,6,7,7,8,8,10,10,10,10,10,10,24,27,30,34,38,40,40,41,41,41,43,51
7403443190,2,2,2,2,2,2,2,2,2,2,6,6,8,15,18,20,20,20,23,28,32,32,37,37,37,42
7003310513,1,1,1,1,1,1,1,1,1,1,1,1,1,1,1,4,4,4,4,4,6,6,6,6,6,6
6701531880,2,2,2,4,4,4,4,5,5,5,6,6,6,8,9,10,10,10,10,10,10,10,10,12,12,12
7005925616,8,10,12,13,16,18,22,23,27,29,36,36,36,39,45,45,47,49,52,58,58,59,67,70,73,76
6603103132,2,2,2,2,2,2,2,2,2,2,2,2,7,8,14,19,20,23,26,29,32,32,32,38,38,40
7201370870,1,1,2,7,9,9,12,12,14,14,17,17,17,17,18,18,18,18,18,19,19,19,19,19,19,19
6507168138,2,2,2,2,2,6,6,6,6,6,6,6,6,6,6,6,6,6,6,6,6,6,6,6,6,6
55887893000,1,1,4,4,5,5,5,5,5,6,6,8,8,8,8,10,10,10,17,18,21,23,26,28,28,28
6602903452,6,9,9,9,13,13,19,23,23,23,23,23,23,28,32,36,36,36,41,47,47,47,47,50,51,54
6507242844,4,4,4,4,4,4,4,4,4,4,4,4,4,4,4,4,4,4,4,4,4,4,4,4,4,4
7006874566,5,9,13,13,31,36,46,48,49,87,87,97,119,121,121,136,138,145,148,148,182,190,194,198,198,198
7102135269,2,2,2,4,4,4,4,4,4,4,4,4,4,4,4,4,4,4,4,4,4,4,4,4,4,4
6602667390,3,3,3,3,3,3,3,3,3,3,3,3,3,3,3,3,3,3,18,18,18,18,22,25,26,26
35453811500,2,2,2,2,5,5,5,5,5,5,5,5,8,8,8,8,10,10,10,10,10,10,10,10,10,10
6701752024,4,4,4,7,7,7,10,10,14,14,14,14,14,14,14,14,14,14,14,14,14,14,14,14,14,14
56052135900,2,2,2,2,4,5,5,5,5,8,8,10,12,13,15,15,21,44,46,56,67,69,69,69,69,69
6507148687,2,2,2,2,2,2,4,4,4,4,4,5,5,5,5,5,5,5,5,5,5,5,5,5,5,5
6506113843,1,1,1,1,1,5,5,5,5,5,5,5,5,5,5,5,5,5,5,5,5,5,5,8,8,8
6602316199,2,4,5,5,5,7,7,7,7,7,7,7,7,7,7,7,7,7,7,7,7,7,7,7,7,7
57203053664,3,5,5,5,5,5,5,5,5,5,5,5,5,5,10,10,10,10,10,10,10,10,10,10,10,10
6602149110,2,2,5,6,7,7,7,7,7,7,7,12,15,18,18,28,30,31,39,40,46,46,49,49,53,53
26422022000,6,6,6,6,6,6,6,6,6,6,9,9,9,10,12,12,12,12,12,12,12,12,12,12,12,12
7005720845,1,1,1,1,1,1,1,1,1,1,1,1,1,1,1,1,1,1,1,1,1,1,1,1,1,1
6603944896,2,3,3,3,5,5,8,8,12,12,12,12,12,12,12,18,19,19,19,19,19,19,19,19,19,22
6701766638,6,6,6,6,6,6,6,6,15,23,23,23,23,23,23,23,23,23,34,34,34,55,60,61,61,61
6603219887,1,1,1,1,1,1,1,1,1,1,1,1,1,1,1,1,1,1,1,1,1,1,1,1,1,1
6701373949,1,1,1,1,1,1,1,1,1,1,1,1,1,1,1,1,1,1,1,1,1,1,1,1,1,1
7801370404,2,2,2,3,4,5,5,5,5,5,12,12,12,13,13,13,13,13,13,13,13,13,13,13,13,13
6603777819,2,2,2,2,3,3,3,3,3,5,5,5,5,5,5,5,5,5,5,5,5,5,5,5,5,5
6603817994,10,14,15,16,16,16,16,16,16,16,16,16,16,16,16,16,16,16,16,16,16,16,16,16,16,16
7006114075,1,1,1,1,1,1,1,1,1,1,1,4,6,6,19,22,24,39,41,45,50,52,52,53,53,53
6508131245,1,1,1,1,1,1,1,1,1,1,3,3,3,3,3,5,5,5,5,5,5,5,5,5,5,5
56269302700,1,1,1,1,1,1,3,6,7,8,15,19,22,24,33,33,39,39,44,50,51,61,67,74,84,86
6701921640,1,1,1,1,1,3,3,3,3,3,3,3,3,5,5,5,5,5,5,7,7,7,7,8,9,9
6701576008,1,1,1,3,3,4,5,5,6,6,7,10,10,11,12,12,12,12,15,15,18,18,18,20,21,21
6603013844,1,1,1,1,1,1,1,2,2,2,2,2,2,2,3,3,3,3,6,11,11,11,11,11,11,11
7006788162,1,1,3,3,3,3,3,3,3,3,3,3,3,5,8,8,8,8,8,13,13,13,13,13,13,13
6602510084,1,1,1,4,4,4,5,8,10,10,13,13,14,15,15,22,38,42,44,44,50,56,59,60,72,72
6506878382,3,3,3,3,3,3,3,3,6,11,11,11,11,11,11,11,11,11,11,11,11,11,11,11,11,11
6603718721,1,1,1,1,1,1,1,1,1,1,1,1,1,1,1,1,1,1,1,1,1,1,1,1,1,1
8960262200,1,1,1,1,1,1,1,1,1,1,1,1,3,3,5,9,9,9,9,28,28,28,28,28,28,28
56118534400,3,3,3,3,3,3,3,3,3,5,8,10,10,11,11,12,12,13,13,14,14,14,19,20,21,32
7003303579,7,7,7,7,7,7,7,7,7,7,7,7,7,7,7,7,7,7,7,7,7,7,7,7,7,7
7003329194,2,3,3,3,3,3,3,4,7,7,9,10,11,11,14,14,14,14,18,18,20,20,20,23,23,26
6602907641,2,2,2,2,2,2,2,4,7,8,10,10,10,10,10,10,10,10,10,10,10,10,10,10,10,10
56056173200,1,1,2,2,2,2,11,11,11,13,13,13,13,15,18,21,24,28,28,29,32,32,32,32,32,32
6701743866,3,3,3,3,4,4,4,6,6,6,6,6,6,6,6,6,8,8,8,8,8,8,8,8,8,8
56186723400,2,5,8,8,15,15,17,17,17,17,19,19,19,19,27,27,31,31,35,39,41,41,46,46,46,50
7202213561,1,1,1,1,1,1,1,1,1,1,1,1,1,1,1,1,1,1,1,1,1,1,1,1,1,1
6503906292,2,2,2,2,2,2,2,2,2,2,2,2,2,2,2,2,2,2,2,2,2,2,2,2,2,2
6701665829,2,2,2,2,4,4,5,5,5,5,5,7,8,15,15,15,15,15,15,15,15,15,15,15,15,15
7801564062,2,2,2,2,2,2,2,2,2,2,2,2,2,2,2,2,2,2,2,2,2,2,2,2,2,2
6603894319,1,1,1,1,1,1,1,1,1,1,1,1,1,1,1,1,1,1,1,1,1,1,1,1,1,1
6603729898,4,4,4,4,15,15,15,15,17,17,17,23,23,23,23,23,23,23,23,23,23,23,23,23,23,23
7004634977,3,3,5,5,6,6,7,7,7,7,7,7,10,10,10,10,10,10,10,12,13,14,14,14,16,16
7004565238,4,4,4,4,4,4,4,4,4,4,4,8,8,8,8,8,8,8,10,10,10,10,10,10,10,13
6507078706,1,1,1,1,1,1,1,1,1,1,3,5,5,5,5,5,7,7,7,7,7,7,7,10,10,10
15049059400,2,2,2,2,3,3,4,4,14,14,14,14,14,18,18,18,20,21,21,21,21,21,22,22,29,32
7005360187,12,12,12,12,12,12,12,12,12,12,12,12,12,12,12,12,12,12,12,12,12,12,12,12,12,12
7003657231,6,6,7,7,7,7,10,10,10,14,14,16,18,22,22,23,27,27,28,29,30,30,30,31,31,31
6602384482,4,4,4,4,4,4,4,6,6,6,6,6,6,6,6,6,6,6,6,6,6,6,6,6,6,6
6701498271,2,2,2,2,3,3,3,5,5,6,7,7,9,9,11,11,12,14,17,17,18,24,24,24,24,27
7003666782,1,1,1,5,6,6,6,6,6,6,8,8,8,9,9,9,9,9,9,9,9,9,9,9,9,9
6602743724,5,5,5,5,5,5,5,5,5,5,5,5,5,5,5,5,5,5,5,5,5,5,5,5,5,5
7102588845,2,2,2,2,2,4,5,7,7,7,7,9,9,9,9,9,16,26,26,31,31,31,31,32,37,37
35577100200,2,2,2,2,4,4,4,4,4,4,4,4,4,4,8,9,10,10,10,10,10,10,10,10,10,10
7004117162,1,1,3,6,8,11,13,16,18,21,25,30,35,44,52,64,67,70,78,81,83,86,96,104,113,116
7005337539,4,4,4,4,4,4,4,4,4,4,4,4,4,4,4,4,4,4,4,4,4,4,4,4,4,4
7006640073,3,3,3,3,6,6,6,6,6,6,6,6,6,6,6,6,7,7,7,14,16,16,16,17,17,20
7004494390,4,4,4,4,4,4,4,4,4,4,4,4,9,9,9,9,9,9,9,9,9,9,9,9,9,9
7007057159,7,7,7,7,15,15,15,15,15,15,15,15,15,15,15,15,15,15,15,15,15,15,15,15,15,15
6602556733,1,1,1,1,4,4,4,5,5,7,8,8,8,13,16,18,18,21,23,23,24,24,27,30,34,34
55909482900,1,1,1,1,1,1,3,5,5,6,7,8,10,19,21,30,30,30,30,30,30,32,32,32,32,32
6602212683,1,1,1,4,5,5,6,6,6,11,12,14,16,17,22,27,28,32,34,38,41,51,58,59,60,63
6602351510,3,7,7,7,7,7,7,7,7,7,7,7,7,7,7,7,7,7,7,7,7,7,7,7,7,7
6701803393,5,5,5,5,5,5,5,5,5,5,5,5,8,8,10,10,12,16,16,16,16,16,16,16,16,16
7004249724,6,6,6,6,10,13,13,13,19,21,21,21,21,21,21,21,21,21,21,21,21,21,21,21,21,21
6603925388,5,5,6,6,9,9,9,9,16,19,20,34,34,34,39,45,50,57,66,67,76,76,82,92,92,92
6701758714,1,1,1,1,1,1,1,3,6,6,6,6,6,6,6,6,6,6,6,6,6,6,6,6,6,6
6701709808,1,3,3,5,7,7,7,12,14,16,16,18,20,20,20,20,20,20,20,26,26,27,28,28,28,28
7005806756,2,3,3,3,3,3,3,3,7,7,7,7,7,7,7,7,7,7,7,7,7,7,7,7,7,7
7103249529,2,3,3,6,6,6,6,12,12,12,12,12,12,12,12,12,12,12,12,12,12,12,12,12,12,12
6603674438,2,3,3,3,5,5,5,6,6,8,9,11,14,22,23,27,29,33,36,37,38,38,40,40,42,42
6602406771,1,2,3,3,3,5,5,5,6,6,6,6,6,6,6,12,12,12,12,12,21,21,21,21,21,21
6508009204,2,2,2,2,2,2,2,2,3,3,3,3,7,7,9,9,14,15,17,19,22,24,26,28,28,30
7004426989,8,8,8,8,13,13,13,13,13,13,13,21,21,35,37,46,46,61,78,118,161,168,193,228,234,252
6505939652,4,4,4,4,4,4,4,4,4,4,4,4,4,4,4,4,4,4,4,4,4,4,4,4,4,4
8306293700,1,1,1,1,1,1,1,1,1,1,1,1,1,1,1,1,1,1,1,1,1,1,1,1,1,1
16067906000,1,1,1,1,1,1,1,1,1,2,2,2,3,3,3,3,3,3,3,3,3,3,3,3,3,3
7005427550,3,3,3,3,5,5,5,5,5,5,5,5,5,5,5,5,6,6,6,8,8,8,8,8,8,8
15123704200,7,7,7,7,7,7,7,7,7,7,7,7,7,10,12,13,13,14,14,14,14,14,14,14,14,14
7402680342,1,1,1,1,1,1,1,1,1,2,2,2,2,2,2,2,2,2,2,2,2,2,2,2,2,2
55831988100,2,2,5,7,9,16,19,19,21,22,22,22,28,42,48,49,54,58,68,73,82,87,93,95,96,97
6603681535,1,9,10,10,11,13,16,21,26,32,32,32,41,43,46,50,55,57,62,66,66,67,70,70,70,73
14049610900,6,10,10,10,10,10,10,10,10,10,10,10,10,10,10,10,10,10,10,10,10,10,10,10,10,10
6701793814,1,1,1,1,2,2,2,2,2,2,2,2,2,2,2,2,2,2,2,2,2,2,2,2,2,2
55940528700,1,1,1,1,1,1,1,2,2,2,2,2,3,3,4,6,12,15,17,17,28,28,28,28,28,28
55994774600,3,3,9,10,10,10,10,10,10,10,10,10,10,10,10,10,10,10,10,10,10,10,10,10,10,10
7004004163,3,3,3,3,3,3,3,3,3,3,3,3,3,3,3,3,3,3,3,3,3,3,3,3,3,3
6508084191,1,1,4,4,4,4,4,4,8,14,17,17,17,17,17,17,25,33,33,33,33,38,38,38,38,38
7004788317,2,2,2,2,2,2,2,2,2,2,2,2,2,2,2,2,2,2,2,2,2,2,2,2,2,2
6701410206,1,1,1,1,1,1,2,2,2,6,7,8,9,9,13,27,33,34,45,50,53,53,58,62,69,77
56151180200,6,6,6,6,6,6,6,6,15,15,15,15,15,15,15,15,15,26,26,28,28,48,54,54,54,54
7005781423,2,2,2,2,2,2,2,2,2,10,10,17,17,17,17,17,17,20,21,21,26,26,26,26,28,29
7006359305,16,16,16,27,27,27,29,29,29,29,29,29,29,29,29,29,29,33,33,33,38,43,43,43,43,43
6602394056,2,2,2,2,3,3,3,3,3,3,3,4,4,7,7,7,7,7,7,9,9,9,14,14,14,14
6602169387,1,1,1,1,1,1,1,1,1,1,1,1,1,1,1,1,1,1,1,1,1,1,1,1,1,1
57202917071,1,1,1,1,4,5,5,5,5,5,5,5,5,5,21,21,21,21,21,21,21,21,21,21,21,21
6603435642,7,7,7,7,15,17,17,17,22,22,22,22,28,29,29,29,29,29,34,34,34,34,34,34,34,34
6603832731,3,3,3,3,3,3,3,3,3,3,3,3,3,3,3,3,3,3,3,3,5,5,5,5,5,5
55228858500,1,1,2,2,7,7,7,7,7,7,7,7,7,7,7,7,7,7,7,7,7,7,7,7,7,7
6507308804,6,6,6,6,6,6,6,6,6,6,6,6,6,6,6,6,6,6,6,6,6,6,6,6,6,6
55180071000,3,3,3,3,3,3,4,5,5,5,5,5,5,5,5,6,11,12,12,12,12,12,15,15,15,15
7004430595,2,2,2,2,2,7,8,12,12,15,16,16,16,18,20,20,20,26,26,28,29,29,31,31,35,35
7005381040,2,2,2,3,3,6,6,6,6,8,8,13,13,14,14,17,17,19,24,26,26,26,26,30,41,41
7102671352,6,6,6,6,9,12,12,12,12,12,12,15,15,15,15,15,15,15,15,15,15,15,15,15,15,15
55547861900,16,16,16,27,29,30,30,30,31,31,31,31,31,31,31,31,31,31,31,31,31,31,31,31,31,31
6505921834,2,2,2,2,2,2,2,4,4,4,4,4,4,4,4,4,4,4,4,4,4,4,4,4,4,4
7005039283,6,6,6,6,6,9,9,9,19,19,19,19,22,22,22,22,22,22,22,22,22,22,22,22,22,22
6701924276,1,1,2,24,24,25,30,32,32,32,32,32,32,32,32,32,32,32,32,32,32,32,32,32,32,32
6603862443,4,6,6,6,6,14,15,15,15,15,15,15,15,15,15,15,15,15,15,15,15,15,15,15,15,15
24302834200,2,2,2,2,2,2,2,2,2,2,2,2,2,2,6,6,6,6,6,11,11,11,11,11,11,11
8367187800,2,2,2,2,2,2,4,4,10,13,16,18,24,28,32,45,48,57,57,60,69,73,76,79,81,83
55887523400,3,3,3,3,3,6,9,9,10,17,20,20,20,25,28,28,32,32,34,34,34,36,39,39,39,39
56627687400,2,3,3,3,3,3,3,3,3,3,3,3,3,3,3,3,3,3,3,3,3,3,3,3,3,3
7005630454,4,4,4,7,7,7,7,7,7,7,7,7,7,7,7,7,7,7,7,7,7,7,7,7,7,7
55944147400,3,3,3,3,5,5,6,6,6,6,6,6,7,7,7,9,9,11,18,20,20,24,24,27,27,29
6506754166,1,1,1,2,2,2,2,2,2,2,2,2,2,2,2,2,2,2,2,2,2,2,2,2,2,2
14028026000,1,1,1,1,1,1,1,1,2,5,5,5,5,10,10,10,10,10,10,10,10,10,10,10,10,10
7801453351,1,1,1,1,1,2,2,2,2,2,3,3,3,3,3,3,3,3,3,3,3,3,3,3,3,3
56009816100,2,2,2,2,4,4,5,7,7,7,7,7,7,8,8,8,10,10,10,10,10,10,10,10,10,10
7006771943,2,2,2,5,5,5,7,11,12,14,17,19,22,23,26,26,26,26,26,26,26,26,26,26,26,26
56848831300,1,1,1,1,1,1,1,3,3,4,4,4,4,4,4,4,4,4,4,4,4,4,4,4,4,4
6602991332,2,2,2,2,2,2,2,4,4,4,23,23,29,29,46,46,46,46,46,46,46,46,46,46,46,46
57197970381,3,3,6,7,7,7,7,7,7,7,7,7,7,7,7,7,7,7,7,7,7,7,7,7,7,7
7005074834,2,2,2,2,2,2,2,2,2,2,2,2,2,2,2,2,2,2,2,2,2,2,2,2,2,2
6603203717,3,3,3,3,4,4,4,4,4,4,4,4,4,4,4,4,4,4,4,4,4,4,4,4,4,4
7003289061,11,11,11,12,12,12,12,12,19,20,30,30,30,33,38,51,56,62,69,74,77,81,82,83,83,83
6603426803,4,4,8,17,18,23,24,27,31,40,46,59,61,69,75,91,129,132,138,166,172,180,184,185,187,189
7402648947,2,2,2,2,4,5,7,7,7,7,7,7,7,7,7,7,7,7,7,7,7,7,7,7,7,7
6603050790,3,3,5,5,5,5,5,5,5,5,5,5,5,5,5,5,5,5,5,5,5,5,5,5,5,5
6506215842,3,3,3,4,4,4,4,5,5,5,5,5,7,7,12,12,16,16,16,18,18,20,20,20,20,20
6701873649,3,3,3,3,3,3,3,3,3,3,3,3,3,3,3,3,3,3,3,3,3,3,3,3,3,3
16137608200,3,3,3,3,3,3,3,3,3,3,3,6,6,6,8,8,8,8,8,8,8,8,8,8,8,8
24548852800,2,5,5,5,5,5,5,5,5,5,5,5,5,5,5,5,5,5,5,5,5,5,5,5,5,5
7004501459,3,3,3,3,3,3,3,3,3,3,3,3,5,5,5,5,5,5,5,5,5,5,5,5,5,5
6603573236,8,8,13,13,23,23,23,23,23,23,23,23,23,23,23,23,23,23,23,23,23,23,23,23,23,23
7003653774,1,1,1,1,1,1,1,3,3,3,3,3,4,4,4,4,8,8,8,8,8,8,14,15,15,15
7005943303,2,2,2,2,2,2,2,2,2,2,2,5,5,5,5,5,5,5,5,5,5,5,5,5,5,5
7004227561,4,4,4,4,4,4,4,4,4,6,7,7,7,11,12,13,13,14,16,19,19,20,20,23,23,23
55913025300,3,3,3,3,3,3,6,6,6,6,13,13,15,15,15,18,18,18,18,18,18,18,18,18,18,18
7004102874,2,2,2,2,2,2,2,2,2,2,4,4,12,17,17,17,17,17,17,19,19,19,22,28,69,79
6603650789,1,1,1,1,1,1,4,4,4,5,5,5,5,5,7,7,9,12,12,12,12,12,15,15,20,29
56460433800,2,2,2,2,2,2,2,2,3,3,3,4,4,4,4,4,4,4,4,4,4,4,4,4,4,4
6701381975,2,2,2,2,7,7,8,8,8,8,8,8,11,11,14,15,20,22,22,22,26,26,26,26,26,33
7003451507,2,4,4,12,17,22,23,23,24,26,33,36,44,47,49,56,59,62,68,70,74,79,84,88,91,96
6603022874,2,3,3,4,4,4,4,4,4,4,5,6,6,6,7,7,7,9,9,12,13,19,23,23,26,31
35303516100,2,2,3,3,6,9,9,9,13,16,19,21,23,24,27,28,28,29,29,29,35,36,37,41,41,42
7004523651,1,1,1,1,1,1,1,1,1,1,3,3,3,3,3,4,5,5,5,5,5,5,5,5,5,5
6603394867,2,3,3,3,3,3,4,5,5,7,7,8,8,8,8,10,11,11,13,13,14,15,15,15,15,15
6602432806,1,1,1,1,1,1,1,1,1,1,1,1,1,1,1,1,1,1,1,1,1,1,1,1,1,1
57189412958,6,6,6,6,6,6,10,12,12,12,12,12,12,12,12,12,12,12,12,12,12,12,12,12,12,12
6601988436,3,9,9,9,10,10,13,16,16,16,16,16,16,21,27,32,33,33,41,44,44,44,47,52,53,53
6603735970,1,1,1,1,1,3,3,3,4,7,7,13,22,24,29,35,37,38,39,40,45,48,51,52,52,54
56206302300,2,2,4,6,6,6,7,9,11,12,12,14,22,26,26,28,28,28,28,28,28,28,28,32,33,37
7102417466,2,2,2,4,5,5,7,9,12,12,12,14,16,16,16,16,19,19,19,19,19,19,19,19,19,19
56439621300,4,4,4,4,4,4,4,4,4,4,4,4,4,4,4,4,4,4,4,4,4,4,4,4,4,4
56201301800,3,5,5,8,11,13,13,13,13,14,17,19,20,21,21,21,21,21,21,21,21,22,22,22,22,23
55953807600,3,3,5,7,8,8,11,11,12,12,12,14,18,18,21,21,22,22,23,27,36,42,48,48,51,51
55548916700,2,2,2,3,3,3,3,3,4,4,8,8,8,8,8,8,8,14,14,16,16,16,16,16,16,16
23398246300,4,4,4,4,4,4,5,5,5,5,6,6,10,11,13,18,19,21,21,25,25,27,27,30,30,30
7003427784,1,1,4,5,10,10,17,19,20,20,24,25,27,38,38,40,40,43,53,55,55,58,123,130,130,138
7003520610,2,2,5,5,5,5,5,5,5,5,5,5,5,5,5,5,5,5,5,5,5,5,5,5,5,5
6602086244,1,6,6,10,10,10,10,10,10,10,10,10,10,10,10,12,13,13,13,13,13,13,13,13,13,13
7003670737,6,8,8,8,8,8,8,9,9,11,12,12,12,12,14,14,19,21,21,21,24,24,27,31,31,33
6602384460,3,5,5,5,5,5,6,6,6,9,13,14,14,14,14,14,14,14,14,14,14,14,14,14,14,14
7801514050,12,12,12,12,12,12,12,12,12,12,12,12,12,12,12,12,12,12,12,12,12,12,12,12,12,12
7003485805,2,5,7,7,7,7,7,13,18,18,23,23,29,29,49,49,58,64,64,78,78,78,90,92,92,92
7003889648,2,2,2,2,2,2,2,2,2,2,2,2,2,2,2,2,2,2,2,2,2,2,2,2,2,2
7007036659,2,2,2,2,2,2,2,2,2,2,2,2,2,2,2,2,2,2,2,2,2,2,2,2,2,2
7005793976,2,3,3,4,4,4,4,4,4,5,10,10,11,14,14,15,15,15,15,15,15,15,18,23,25,25
36946714900,3,3,3,3,3,3,3,3,3,3,3,3,3,3,3,3,3,3,3,3,3,4,4,4,4,4
7202183237,2,2,2,2,2,5,5,5,5,5,5,5,5,10,10,10,10,10,10,10,10,10,10,10,10,10
6701402115,3,3,3,3,3,8,8,10,10,10,14,14,14,14,14,16,16,16,16,16,16,16,16,16,16,16
55880504200,1,2,2,2,6,6,9,9,10,10,10,11,11,13,13,13,13,13,13,13,13,13,13,13,13,13
7102328256,6,6,8,8,8,8,8,8,8,8,8,8,8,8,8,8,8,8,8,8,8,8,8,8,8,8
6505790299,1,1,1,1,1,1,1,1,1,1,1,1,1,1,1,1,1,1,1,1,1,1,1,1,1,1
6603047693,3,3,3,3,3,3,3,3,3,3,3,3,3,3,3,3,3,3,3,3,3,3,3,3,3,3
55937533100,1,1,1,4,4,5,5,8,8,8,10,11,11,11,12,12,14,15,15,16,16,21,22,22,23,24
14034407600,2,2,3,3,3,3,3,3,3,3,3,3,3,9,9,9,9,9,9,9,9,9,9,9,9,9
6508385207,2,2,2,2,2,2,2,2,2,2,2,2,2,2,2,2,2,2,2,2,2,2,2,2,2,2
7202790638,4,4,7,7,7,7,7,7,7,7,7,7,7,7,7,7,7,7,7,7,7,7,7,7,7,7
7003775651,2,2,2,3,3,6,8,8,28,28,39,44,53,54,61,78,80,88,91,94,99,103,108,132,137,142
6602196906,2,2,3,3,3,3,3,3,3,3,3,3,3,3,3,3,3,3,3,3,3,3,3,3,3,3
6506663763,2,2,2,2,2,2,2,2,2,2,2,2,2,2,8,9,9,10,10,15,15,17,17,18,18,18
6603781088,4,4,4,4,4,4,4,4,4,4,4,4,4,4,4,4,4,4,4,4,4,4,4,4,8,8
9734288300,3,4,4,4,4,15,20,21,21,26,26,26,28,30,30,37,40,41,45,48,58,61,61,63,65,65
6602510547,3,3,3,5,5,5,5,5,5,5,5,5,5,5,5,5,5,5,5,5,5,5,5,5,5,5
7003645899,9,9,9,10,11,11,13,15,15,15,15,15,15,15,15,15,15,15,15,15,15,15,15,15,15,15
6603082111,4,4,4,4,4,4,4,4,4,4,4,4,4,4,4,4,4,4,4,4,4,4,4,4,4,4
6507479198,1,1,1,1,1,1,1,1,1,1,1,1,1,1,1,1,1,1,1,1,1,1,1,1,1,1
57191938817,1,1,1,1,1,1,1,1,1,1,1,1,1,1,1,1,1,1,1,1,1,1,1,1,1,1
7102335314,4,4,4,4,4,4,4,4,4,10,10,10,10,17,24,27,27,27,27,27,27,27,27,27,27,27
34768301300,2,2,2,2,2,2,2,2,2,2,2,2,2,2,2,2,2,2,2,2,2,2,2,2,2,2
6603587246,6,6,6,6,6,6,6,6,6,6,6,6,6,6,6,6,6,6,6,6,6,6,6,6,6,6
7003918260,3,3,3,3,3,3,3,7,7,10,10,14,14,17,19,22,22,22,22,24,27,31,31,35,38,48
6505710818,3,3,3,3,3,3,3,3,3,3,3,3,3,3,3,3,3,3,3,3,3,3,3,3,3,3
15820250300,1,1,2,3,3,5,7,11,11,12,16,16,21,25,27,30,31,34,39,43,45,47,49,52,56,56
7003915889,2,2,2,3,3,4,9,19,20,30,48,48,48,48,56,56,63,63,63,81,81,81,81,81,81,81
6701451583,2,2,21,23,23,32,32,40,42,42,43,46,49,59,65,69,69,69,69,72,77,80,93,111,115,128
22733781700,1,1,1,1,1,1,4,4,4,4,10,10,10,12,13,18,18,18,18,18,18,20,20,20,20,20
6508353764,7,7,7,7,7,7,7,7,7,7,7,7,7,7,7,7,7,7,7,7,7,7,7,7,11,11
57197276830,3,3,3,3,3,3,3,3,3,3,3,3,3,3,3,3,3,3,3,3,3,3,3,3,3,3
6602676901,2,2,2,2,2,2,2,2,2,2,2,6,6,6,8,8,8,8,8,8,8,8,8,8,8,8
7003420156,5,8,8,13,13,13,13,13,17,17,17,17,17,17,17,17,17,20,20,20,20,20,20,20,20,20
6508159607,2,2,2,2,2,2,2,2,2,2,5,5,5,5,5,5,5,5,5,6,6,6,6,6,6,6
6506057272,1,2,2,4,4,4,4,4,4,4,4,4,4,4,4,4,4,4,4,4,4,4,4,4,4,4
6603464300,2,2,2,3,3,3,3,3,3,3,5,5,5,5,5,5,5,5,5,5,5,5,5,5,5,5
6603985665,2,2,4,4,4,6,6,6,6,6,6,6,6,6,6,6,10,10,10,10,10,10,10,10,10,10
7006509158,14,14,14,14,14,14,14,14,14,14,14,14,14,14,14,14,14,14,14,14,14,14,14,14,14,14
7004593813,1,3,5,5,5,5,7,9,10,13,13,13,13,13,15,15,18,19,19,24,27,31,35,35,42,46
56274170600,2,2,4,4,7,8,13,14,32,36,36,38,39,40,42,47,49,51,53,54,56,56,56,62,63,65
55973559900,3,3,3,3,3,11,16,16,16,16,16,17,17,17,17,22,24,25,25,25,25,25,25,25,25,25
55831057800,1,1,1,1,1,2,2,2,2,3,3,3,3,3,3,3,3,3,3,3,3,3,3,3,3,3
6701767418,2,2,2,2,2,2,2,3,3,5,6,6,6,12,12,13,13,13,13,16,16,17,18,18,19,19
7005230826,4,4,10,37,40,49,51,51,53,53,53,53,53,53,53,53,53,53,53,53,53,53,53,53,53,53
7801634150,2,2,2,2,2,7,7,7,7,7,7,7,7,7,7,7,7,7,7,7,7,7,7,7,7,7
45861395000,3,3,3,3,3,3,3,3,3,3,3,3,3,4,4,10,10,10,10,10,10,10,10,10,10,10
7003517181,3,4,4,7,14,17,20,26,30,32,32,48,48,57,59,62,64,73,75,83,99,101,113,115,121,121
55646074400,7,7,7,7,7,7,7,7,7,7,7,7,7,7,7,7,7,23,23,29,29,29,29,29,29,29
7404871486,6,8,10,11,13,15,15,23,29,29,30,37,41,41,42,44,48,54,57,61,64,67,67,73,78,83
55574196546,2,2,3,3,3,3,3,3,3,3,3,3,3,3,3,3,3,3,3,3,3,3,3,3,3,3
7101686404,2,2,2,2,2,2,2,2,2,2,2,2,2,2,2,2,3,3,3,3,3,3,3,3,3,3
36879324200,4,4,4,4,4,4,4,4,4,4,4,4,4,4,4,4,4,4,4,4,4,4,4,4,4,4
6602130599,1,1,1,1,1,1,1,1,1,1,3,3,3,3,3,3,3,3,3,3,3,3,3,3,3,3
6603888007,2,3,3,5,19,20,23,24,24,24,24,24,24,24,24,26,26,26,26,26,26,26,26,26,26,26
6603016055,1,1,2,2,2,2,2,2,2,4,4,5,6,7,8,8,8,11,12,17,21,22,29,30,32,32
6602727468,1,6,7,7,7,10,10,10,10,10,14,14,16,17,19,23,28,37,49,49,53,68,72,77,90,105
7202946915,2,2,2,2,2,2,2,2,2,2,2,2,2,2,2,2,2,2,2,2,2,2,2,2,2,2
11241756700,12,12,12,12,12,12,12,12,12,12,12,12,12,12,12,12,12,12,12,12,12,12,15,15,15,15
6701596508,2,2,3,3,3,3,3,3,3,3,3,3,3,3,3,3,3,3,3,3,3,3,3,3,3,3
7102614599,2,2,2,3,10,10,13,15,18,19,19,21,21,22,26,26,34,35,35,35,35,38,39,39,47,51
6507730102,2,2,3,3,3,3,3,3,3,3,3,3,3,3,3,3,3,3,3,3,3,3,3,3,3,3
56283468000,4,4,7,7,7,8,10,14,14,14,14,19,26,26,32,32,32,32,32,32,32,32,32,32,32,32
35592606300,6,6,6,6,6,6,6,6,6,6,6,6,6,6,6,6,6,8,8,8,8,8,8,8,8,8
7003942575,6,6,6,7,7,7,7,7,7,7,7,7,7,7,7,7,7,7,7,7,7,7,7,7,7,7
6701766502,3,6,6,6,6,10,10,13,13,15,15,17,24,28,28,30,38,44,48,52,53,57,73,79,92,98
6506097672,2,5,5,6,6,6,6,6,6,6,8,8,8,8,8,12,15,25,28,46,51,52,54,59,60,60
6603595413,6,6,6,6,6,6,6,6,6,6,6,6,6,6,6,11,11,11,11,11,11,11,11,11,11,11
14631726200,2,2,2,2,3,3,3,3,6,6,6,21,24,24,26,33,42,50,52,52,61,70,72,73,76,79
7004096232,4,4,7,7,7,10,14,14,15,15,15,15,15,15,15,15,15,15,15,15,15,15,15,15,15,15
6602147065,4,5,7,7,7,11,11,11,11,12,12,12,12,14,20,23,23,23,23,23,28,28,31,32,37,40
7005443699,1,1,1,1,1,1,2,2,2,2,4,4,4,5,5,5,6,7,11,12,12,12,13,13,13,17
7102754173,4,4,4,4,4,4,4,4,4,4,4,4,4,4,4,4,4,4,4,4,4,4,4,4,4,4
6506560500,5,6,6,6,6,6,6,6,6,6,6,6,8,8,8,9,9,9,9,9,9,9,11,13,13,13
6507541317,1,1,1,1,1,1,1,1,1,1,1,1,1,1,1,3,3,3,3,3,3,3,3,3,3,3
7003629718,3,8,8,8,8,8,8,8,17,17,17,21,30,30,30,30,30,30,30,30,30,30,30,30,30,30
7003723658,2,2,2,3,3,3,3,3,3,6,9,11,28,28,28,48,58,61,64,65,67,76,81,84,91,99
6602197441,1,3,3,3,3,4,6,6,6,6,6,6,6,6,6,10,10,10,11,11,12,15,16,17,17,17
56514032100,4,4,4,4,4,4,4,4,4,4,4,4,4,4,4,4,4,4,4,4,4,7,9,9,23,25
56277529100,2,2,10,10,10,10,10,10,11,11,11,11,21,24,26,27,31,33,33,33,33,37,37,39,39,39
7004030025,8,8,8,10,10,12,14,15,16,16,16,16,16,16,16,16,16,16,16,16,19,23,23,23,29,32
6701453314,3,3,3,3,3,3,3,3,3,3,3,3,3,4,10,14,18,19,21,22,23,23,25,26,27,29
7003407881,4,4,7,7,7,7,7,7,7,11,12,15,24,27,27,30,30,30,30,30,30,30,30,41,41,41
6507526978,2,2,2,2,2,2,4,4,4,4,4,4,4,4,4,4,4,4,4,4,4,4,4,4,4,4
6602113319,2,2,2,2,3,5,5,5,5,5,5,5,5,14,14,21,21,21,21,31,35,37,44,54,65,68
55605009400,3,3,3,3,5,9,10,10,10,12,12,14,16,20,20,24,26,30,35,35,35,36,42,42,49,54
7006122567,3,3,3,3,3,3,3,3,3,3,3,3,3,3,3,3,3,3,3,3,3,3,3,3,3,3
6506930710,1,1,1,1,1,1,1,1,1,1,1,1,1,1,1,1,1,1,1,1,1,1,1,1,1,1
8262649000,7,7,7,7,7,7,7,7,7,7,7,7,7,7,7,7,7,7,7,7,7,7,7,7,7,7
6602935020,2,2,2,2,5,6,6,7,7,7,7,7,7,7,9,9,9,9,9,9,9,9,9,9,9,9
6602922353,4,5,5,6,6,7,7,7,7,10,10,10,10,13,13,13,13,14,16,17,18,20,22,26,35,37
6506896147,2,2,2,2,2,2,2,2,2,2,2,2,2,2,2,2,5,5,5,5,5,5,5,5,8,8
35556129000,6,6,6,6,6,6,6,6,6,6,6,12,12,19,22,22,24,24,24,24,24,24,24,24,28,28
6603400981,1,1,1,2,2,2,2,2,2,2,2,2,2,5,5,5,5,19,19,21,21,22,22,22,35,35
6506994126,1,1,1,1,2,2,2,2,3,3,3,3,5,5,7,7,7,7,10,10,11,11,11,11,11,11
6603584844,3,3,3,3,3,3,3,3,3,3,3,3,3,3,3,3,3,3,3,3,3,9,9,9,9,9
7004187008,2,2,4,6,9,12,18,20,24,28,28,28,28,28,30,31,31,34,39,39,39,39,39,39,39,39
6602596926,2,4,4,9,9,9,9,9,10,10,10,10,10,10,12,12,12,12,12,12,12,12,12,13,13,13
6602176898,1,2,2,2,2,2,2,2,2,2,2,2,2,2,2,2,2,2,2,2,2,2,2,2,2,2
6603901712,3,3,5,5,8,8,8,8,8,8,8,8,8,8,10,10,10,11,11,11,11,11,16,16,16,18
7101755742,4,9,9,9,9,9,9,9,9,9,9,9,9,9,20,20,20,20,20,20,20,23,23,25,25,30
16447783500,2,2,2,3,3,3,3,3,3,3,3,3,3,3,3,3,3,3,3,3,3,3,3,3,3,3
55401596900,2,2,2,2,3,3,4,6,6,6,6,6,7,9,9,9,13,14,14,14,17,17,19,19,19,19
6701718610,2,2,4,4,4,4,4,4,4,4,4,4,4,4,4,4,4,4,4,4,4,4,4,4,4,4
16405736200,1,1,1,1,1,1,1,1,1,1,1,1,1,1,1,1,1,1,1,1,1,1,1,1,1,1
7006360013,6,13,13,13,13,13,13,13,13,13,13,13,15,15,17,19,19,19,19,19,21,21,21,21,24,24
6506173918,2,2,2,2,2,2,2,2,2,2,2,2,2,2,2,2,2,2,2,2,2,2,2,2,2,2
55665501600,2,2,2,2,2,2,2,4,6,12,16,18,20,20,20,20,20,20,20,20,20,20,20,20,20,20
6602161508,3,5,7,7,7,7,7,7,7,7,7,7,7,7,7,7,7,7,7,7,7,7,7,7,7,7
6506355445,3,3,4,4,4,4,4,4,4,4,4,4,4,4,4,4,4,4,4,4,4,4,4,4,4,4
6603011382,1,1,1,1,1,1,1,1,1,1,1,1,1,1,1,1,1,1,1,1,1,1,1,1,1,1
6602612756,6,6,6,9,9,9,9,9,9,14,14,14,14,16,16,16,16,16,18,18,19,19,28,31,31,31
7103280964,3,3,3,3,7,7,7,7,7,7,7,7,7,7,7,7,7,7,8,8,8,8,8,8,8,8
6604002453,1,1,1,3,6,6,6,6,6,8,11,16,17,17,20,22,24,25,38,40,42,50,56,66,70,72
55456807600,3,3,3,3,3,4,4,4,4,9,9,9,9,9,9,9,9,9,9,9,9,9,9,9,9,9
6506845759,1,1,1,4,4,4,4,4,4,4,4,4,4,4,4,4,4,4,4,4,4,4,4,4,4,4
7003900509,4,4,4,12,19,24,24,24,24,24,24,26,26,26,27,27,27,27,27,27,27,27,27,27,27,27
6601959201,2,2,4,4,4,4,6,6,7,7,8,8,10,14,21,25,25,27,29,33,35,40,42,42,48,49
6701407565,1,1,1,1,1,1,1,1,1,1,1,1,1,1,1,4,4,4,4,4,4,4,4,6,6,6
7003313470,3,3,3,3,5,8,8,8,8,8,8,8,8,8,8,8,8,8,8,8,8,8,8,8,8,8
6602568777,1,1,1,1,2,2,2,4,4,4,4,4,4,8,9,13,14,15,18,18,21,21,24,24,24,24
7003553810,1,4,4,4,4,4,4,4,4,4,4,4,4,4,4,4,4,4,4,4,4,4,6,6,6,6
6508082702,1,3,3,3,3,3,3,3,3,3,3,3,3,3,3,3,3,3,3,3,3,3,3,3,3,3
6602560694,1,1,1,1,2,4,4,5,6,9,9,9,9,9,11,11,15,16,18,23,26,26,26,27,30,31
56084480800,2,2,2,4,7,7,8,12,12,13,15,15,17,17,19,21,28,30,31,43,43,44,44,45,46,46
55187045700,3,3,3,3,3,3,3,3,3,3,3,3,3,3,3,3,3,3,3,3,3,3,3,3,3,3
6507171906,16,16,16,27,27,28,28,28,30,30,30,30,30,30,30,30,30,30,30,30,30,30,30,30,30,30
6701426529,2,2,2,2,4,6,8,11,14,16,17,19,19,33,37,41,54,70,73,75,90,102,115,123,137,145
37013152700,2,3,3,3,3,3,3,3,3,3,3,3,3,3,3,3,3,6,6,6,6,6,6,6,6,6
7402433747,1,3,4,7,7,7,7,10,10,11,11,11,11,11,11,11,11,11,11,11,11,11,11,11,11,11
6701663170,3,6,6,11,11,11,11,11,15,15,15,15,15,15,15,17,18,18,18,18,18,18,18,18,18,18
6602877140,1,1,1,1,1,1,2,2,4,4,4,4,4,4,4,4,4,4,4,4,4,4,4,4,4,4
6508029800,1,1,1,2,2,2,2,2,2,2,2,2,2,2,2,2,2,2,2,2,2,2,2,2,2,2
6602341130,2,3,3,3,3,3,3,3,4,4,4,4,4,4,4,4,4,4,4,4,4,4,4,4,4,4
6602416390,1,1,2,4,4,4,4,4,4,4,7,7,36,36,36,36,39,39,39,39,39,39,39,39,39,39
6603821839,3,3,3,5,5,5,5,9,9,9,14,16,16,17,17,21,23,23,23,23,23,23,23,23,23,23
7004079362,1,1,1,4,10,10,10,10,13,18,19,19,23,24,31,36,42,49,62,70,74,89,89,93,96,98
6603228609,1,4,4,6,6,6,6,6,6,6,6,6,6,7,7,8,8,8,8,8,8,8,8,8,8,8
6701497258,4,4,4,4,4,4,4,4,4,4,4,4,4,4,4,4,4,4,4,4,4,4,4,4,4,4
6701324963,2,2,2,2,3,15,17,20,24,24,27,27,27,30,30,30,30,30,30,30,30,30,30,30,30,30
6507388510,8,8,8,8,8,8,8,8,8,8,8,8,8,8,8,8,8,8,8,8,8,8,8,8,8,8
7202028494,3,3,3,3,3,3,3,3,3,3,3,3,3,3,3,3,3,3,3,3,3,3,3,3,3,3
7007027652,2,2,2,2,2,2,2,2,2,7,12,16,16,17,17,17,17,17,17,17,22,22,22,22,22,22
7007177680,2,4,4,4,4,4,4,4,4,4,4,4,4,4,4,4,4,4,4,4,4,4,4,4,4,4
6701325704,1,1,1,3,3,5,5,5,5,5,5,5,5,5,5,5,5,5,5,5,5,5,5,5,5,5
7004656577,1,1,1,1,1,1,1,1,1,1,1,1,1,1,1,1,1,1,1,1,1,1,1,1,1,1
7006529905,2,2,2,2,4,4,4,4,4,4,4,5,5,5,5,5,5,5,6,6,7,8,10,13,13,13
6603144279,4,4,5,6,6,6,6,11,11,13,13,13,13,13,13,13,13,13,13,13,13,13,13,13,13,13
7004270410,3,3,3,3,3,3,3,3,3,6,6,6,6,6,6,6,6,6,6,6,6,6,6,6,6,6
24373947500,4,6,7,7,7,7,7,7,7,7,7,7,7,7,7,7,7,7,7,7,7,7,7,7,7,7
6603871814,1,1,1,1,1,1,1,1,1,1,2,2,2,2,6,6,6,6,8,18,18,18,23,26,26,29
7102813730,8,8,8,8,8,8,8,8,8,8,8,8,8,8,8,8,8,8,8,8,8,8,8,8,8,8
6701570902,2,2,3,4,4,4,4,8,11,13,19,19,22,29,29,29,29,30,30,30,30,30,30,30,30,30
7003591016,2,3,4,6,6,6,7,9,11,13,14,16,42,49,49,51,53,53,54,54,55,57,59,60,61,61
6603393479,2,2,3,5,6,10,10,12,15,15,15,15,15,15,15,15,15,15,15,15,15,15,15,15,15,15
6602491436,2,2,2,2,2,3,3,3,3,3,3,3,3,3,3,3,3,3,3,3,3,3,3,3,3,3
55632334300,1,1,1,1,1,1,1,1,1,1,1,1,1,2,2,10,29,36,40,50,77,102,113,136,146,147
7005110796,6,7,7,9,9,10,10,10,10,10,10,10,15,15,15,19,19,19,19,19,19,19,19,19,19,19
6603174404,2,2,2,2,2,2,2,4,9,9,12,12,16,16,16,16,16,16,16,16,16,16,16,16,16,16
14016976600,2,4,4,4,9,9,13,13,13,13,13,13,16,16,16,20,23,25,25,27,28,28,28,28,28,30
6506939664,3,5,6,6,6,6,6,6,6,6,6,6,6,6,6,6,6,6,6,6,6,6,6,6,6,6
6603665323,1,1,1,4,4,6,6,6,6,6,6,6,6,6,6,6,6,6,6,6,6,6,6,6,6,6
55886760600,1,1,1,9,9,11,16,16,16,18,18,18,19,20,22,22,22,24,25,25,25,32,32,35,35,35
6603243685,4,5,5,5,5,5,5,6,6,6,6,6,6,6,6,6,6,6,6,6,6,6,6,6,6,6
16178034900,1,1,1,1,5,5,6,6,6,6,6,6,6,6,6,8,9,9,9,9,9,9,9,9,9,9
7005392082,4,4,4,4,4,4,4,4,4,4,4,4,4,4,4,4,4,4,4,4,4,4,4,4,4,4
6603502348,2,2,2,2,2,6,6,6,6,6,6,6,6,6,7,7,11,15,21,21,21,30,33,38,38,41
7006188607,4,4,8,8,8,10,10,14,15,28,31,36,38,48,53,55,56,56,59,68,89,92,103,104,106,108
6603266419,1,1,1,1,2,2,2,2,2,2,2,2,2,2,2,2,2,2,2,2,2,2,2,2,6,6
7103235597,2,2,2,2,2,2,5,5,5,6,8,8,8,12,12,12,12,12,12,12,12,12,12,12,12,14
6603350317,4,4,4,4,4,4,4,4,4,4,4,4,4,4,4,4,4,4,4,4,4,4,4,4,4,4
6602806250,8,8,9,9,9,9,9,9,9,9,9,9,9,9,9,15,15,17,17,17,17,17,17,17,17,17
55899825600,1,1,5,5,5,5,5,5,5,5,5,5,5,9,9,11,11,14,16,20,41,42,42,42,42,42
6506153465,2,2,2,2,2,2,2,2,2,2,4,4,4,4,4,4,4,4,4,4,4,4,4,4,4,4
7004120059,4,4,4,4,4,4,4,4,4,4,4,4,4,4,4,4,4,4,4,4,4,4,4,4,4,4
7005663113,2,2,2,2,2,2,2,5,6,8,9,13,13,15,18,18,19,21,21,26,28,28,28,30,30,32
6701499827,1,1,1,3,3,3,3,3,3,3,5,5,5,5,7,7,7,7,9,9,9,9,9,9,9,9
6603198531,2,2,2,2,2,2,3,3,3,3,3,3,3,3,3,3,3,3,3,3,3,3,3,3,3,3
6507840103,8,8,8,8,8,8,8,8,10,10,11,11,11,19,22,23,24,24,27,27,27,27,28,28,28,28
7006754267,2,2,2,5,5,10,10,10,10,10,10,10,12,12,18,18,18,18,18,18,26,26,61,61,61,61
7004880755,3,3,3,3,3,3,6,10,10,10,10,10,10,10,10,10,10,10,10,10,10,10,10,10,10,10
6603753545,1,1,1,1,2,3,3,3,5,10,12,12,12,12,12,16,20,20,24,28,33,35,35,35,38,40
6701738744,2,3,6,6,6,6,6,6,6,6,6,6,6,6,6,6,6,6,6,6,6,6,6,6,6,6
7006682058,12,12,12,12,12,12,12,12,12,12,12,12,12,12,12,12,12,12,12,12,12,12,12,12,12,12
6602848028,5,5,5,6,6,6,7,7,11,11,12,12,13,13,14,15,15,15,15,15,15,15,15,15,15,15
12806014600,3,3,3,3,3,3,3,3,3,3,3,3,3,3,3,3,3,3,3,3,3,3,3,3,3,3
6508186303,2,2,2,2,2,2,2,2,2,2,18,19,27,33,36,38,41,52,57,66,71,78,95,102,108,115
36021899400,4,8,8,16,16,17,23,25,25,25,25,29,29,29,29,29,29,29,29,29,29,29,29,29,29,29
18334396100,3,3,3,3,3,6,6,6,6,6,6,6,6,6,6,6,6,6,6,6,6,6,6,6,6,6
7004545008,1,1,1,3,4,4,5,7,9,12,12,12,14,14,15,17,20,22,23,23,23,25,26,26,26,27
6602300396,2,2,2,2,2,4,5,7,7,7,7,7,9,52,52,53,53,53,56,56,56,58,58,60,60,61
12239980100,1,1,1,1,1,1,1,1,1,3,3,5,9,9,9,9,9,9,12,13,16,16,16,16,16,16
7004657754,2,2,2,2,4,4,4,9,9,9,9,9,12,12,12,13,13,13,13,14,14,14,14,14,14,14
6603608420,5,5,6,6,6,6,6,6,6,9,9,12,12,12,12,12,12,12,12,12,12,15,15,15,15,15
6602382390,3,4,8,9,9,9,9,9,9,9,10,10,10,10,10,14,20,27,29,35,42,47,50,63,64,64
6602418118,2,10,11,11,11,11,11,13,13,13,13,13,14,15,16,22,24,24,24,24,24,26,33,35,35,37
7103024632,1,1,1,1,1,1,3,4,4,4,4,4,4,4,4,4,4,4,4,4,4,4,4,4,4,4
6602911845,2,2,2,3,3,4,4,4,4,4,6,6,6,8,8,12,16,17,20,31,31,32,32,37,38,47
55940961600,3,3,3,3,3,3,3,3,3,3,3,3,3,3,3,3,3,3,3,3,3,3,3,3,3,3
55892468800,2,2,5,7,8,9,9,9,9,9,14,17,23,33,41,49,51,75,75,77,79,81,81,81,82,85
7004184628,3,3,3,3,3,3,3,3,3,3,3,3,3,3,6,6,7,7,7,7,7,7,8,8,8,8
7003662038,7,7,7,7,7,7,7,7,7,7,7,7,7,7,7,7,7,7,7,7,7,7,7,7,7,12
6603193984,1,1,1,1,1,1,1,7,8,8,8,8,8,8,10,11,12,12,28,30,30,33,33,34,36,36
7003571931,3,5,5,8,10,10,10,10,10,10,10,10,10,10,10,10,10,10,10,10,10,10,10,10,10,10
6507598158,3,4,4,4,4,4,4,4,4,4,4,4,4,4,4,4,4,4,4,4,4,4,4,4,4,4
20436169300,2,2,2,2,2,2,2,2,2,2,2,2,2,2,2,2,2,2,2,2,2,2,2,2,2,2
7005608203,4,4,4,7,7,7,7,7,7,7,7,7,7,7,7,7,7,7,7,7,7,7,7,7,7,7
6603669417,3,3,4,4,4,5,7,8,8,8,8,10,10,10,10,10,13,13,13,13,13,13,13,13,13,13
56013745300,4,4,4,4,4,4,4,4,4,4,4,4,4,4,4,4,4,4,4,4,4,4,4,4,4,4
6602174364,4,4,4,4,5,5,5,6,6,6,6,6,7,8,8,8,8,8,8,8,8,8,8,8,8,8
6603754758,2,2,3,3,3,7,9,9,9,9,9,9,9,9,9,9,9,9,14,14,14,20,20,20,20,20
6602652943,1,1,1,1,3,3,3,3,3,3,3,3,3,3,3,3,3,3,7,7,7,7,7,7,7,7
6602219846,4,4,4,4,7,7,7,7,8,8,8,8,8,8,8,8,8,8,8,8,8,8,8,8,8,8
6602311799,2,2,2,5,5,5,5,5,5,7,7,7,8,8,11,11,18,21,21,21,26,32,32,34,35,35
57078126800,1,4,7,15,17,22,23,23,23,23,23,23,23,23,23,23,23,23,23,23,23,23,23,23,23,23
6602649410,2,2,2,3,3,3,3,3,3,3,3,3,3,3,3,3,3,3,3,3,3,3,3,3,3,3
7003285037,4,5,5,5,5,5,5,5,10,13,13,13,13,15,15,15,15,15,15,15,15,15,15,15,15,15
9535386400,5,5,5,5,7,7,7,7,7,7,7,7,7,7,7,7,7,7,7,7,7,7,7,7,7,7
7006271915,5,5,21,21,33,40,40,43,61,67,74,108,108,114,114,117,117,126,130,130,142,144,147,147,147,148
6602089256,5,5,7,7,11,11,13,20,21,21,22,27,28,30,30,30,31,31,31,38,38,38,38,38,38,38
6602347425,1,1,1,1,1,1,1,1,1,6,6,6,6,6,8,8,8,8,8,8,8,8,8,8,8,8
7004643342,3,3,3,3,3,3,3,3,3,3,3,3,3,3,3,3,3,3,3,3,3,3,3,3,3,3
6603142222,2,2,2,4,6,6,6,6,6,12,16,16,17,18,18,20,22,22,23,23,24,26,28,30,33,33
6507062033,14,14,14,14,14,16,16,16,16,16,16,16,16,16,16,16,16,16,16,16,16,16,16,16,16,16
14832417900,1,1,2,2,2,3,3,3,3,3,3,4,5,6,6,8,9,9,12,13,13,14,15,15,15,15
55555805400,4,4,4,7,7,22,27,30,34,34,34,34,34,34,34,34,34,34,34,34,34,34,34,34,34,34
57203458571,2,2,2,2,2,2,2,2,2,2,2,2,2,2,2,2,2,2,2,2,2,2,2,2,2,2
16025353900,1,1,1,1,1,1,1,3,3,3,3,3,3,3,5,5,5,5,5,5,5,5,5,5,5,5
6701426301,1,1,4,4,4,4,4,5,5,5,5,5,6,6,6,6,6,6,6,6,6,7,7,7,7,7
7005707976,1,2,2,2,4,5,5,5,8,9,9,10,11,11,11,11,11,11,11,11,11,11,11,11,11,11
6602418271,3,3,3,3,3,6,6,7,9,9,10,11,15,18,21,24,25,25,26,26,32,34,37,38,38,39
7004248405,3,3,3,3,3,7,7,7,7,7,7,7,7,15,15,15,15,15,15,15,15,15,15,15,15,15
7101980955,2,2,6,6,7,7,9,9,11,13,13,29,33,34,37,38,38,38,38,38,38,38,38,38,38,38
6505797371,1,1,1,1,1,1,1,1,1,1,1,1,1,1,1,1,1,1,1,1,1,1,1,1,1,1
7006452106,2,2,2,2,2,2,2,2,2,2,2,2,2,2,2,2,2,2,2,2,2,2,2,2,2,2
6602680026,3,3,3,3,5,5,5,5,5,5,5,5,5,5,5,5,9,9,9,9,9,9,9,9,9,9
6603717509,2,2,2,2,2,2,2,2,6,6,6,9,9,9,9,9,9,9,12,12,12,19,21,21,21,22
24432492600,3,3,3,3,3,3,3,3,3,3,3,3,3,3,3,3,3,3,3,3,3,3,3,3,3,3
7101844658,1,1,1,1,1,1,1,1,1,1,1,1,4,4,4,4,4,4,4,4,4,4,15,15,15,15
6701371712,2,2,2,2,3,4,4,4,4,4,4,4,4,4,4,4,4,6,6,9,14,14,17,19,19,19
35570326700,1,3,3,3,4,4,4,4,4,4,4,4,4,4,4,4,4,4,4,4,4,4,4,8,8,8
6602748156,3,3,3,3,3,3,8,8,9,12,14,20,28,32,38,39,57,60,73,79,97,103,113,119,145,152
6603612744,1,1,1,1,1,1,1,1,1,1,11,16,19,21,21,21,21,21,21,21,21,21,21,21,21,21
6602860916,1,1,1,1,1,1,1,1,1,1,1,1,1,1,1,1,1,1,1,10,14,15,18,21,21,21
7402650785,3,6,6,7,7,7,9,9,13,15,26,26,28,28,35,35,36,47,47,48,48,48,48,51,53,53
6701773104,1,1,2,5,5,5,5,5,7,10,12,12,17,18,32,43,58,63,68,73,88,95,101,112,116,124
7004108388,4,4,6,6,6,6,7,7,7,7,7,7,7,7,7,7,7,7,7,7,7,7,7,7,7,7
6603281251,1,1,1,1,1,2,2,3,7,8,13,15,15,17,22,28,34,34,37,41,41,45,48,52,57,61
7801538342,7,7,7,9,9,9,9,9,9,12,12,12,12,12,12,12,20,20,20,20,31,31,31,31,31,31
7004269287,2,4,4,8,10,14,17,17,17,19,21,23,24,24,31,37,38,42,51,52,54,56,61,61,65,65
6701604159,2,2,2,2,2,2,2,2,2,2,2,3,3,3,3,3,3,3,3,3,3,3,3,3,3,3
56232233900,2,2,2,2,2,2,3,5,5,5,5,5,7,13,13,16,22,27,33,37,40,44,45,50,53,53
55807291100,6,6,6,6,6,6,6,6,6,6,6,6,6,6,6,6,6,6,6,6,8,8,9,9,9,9
6602910167,6,6,6,6,6,6,6,6,6,6,6,6,6,6,6,6,6,6,6,6,6,6,6,9,9,9
11440523400,3,3,3,3,6,6,6,6,6,6,6,11,11,11,13,17,19,19,22,22,22,25,27,29,29,29
6506478061,1,1,1,1,1,1,1,3,3,4,4,4,4,48,48,48,48,48,48,48,48,49,51,54,55,58
7004412323,2,2,2,10,10,11,11,14,14,21,26,29,41,48,70,76,80,81,85,85,85,85,85,85,85,85
7004106286,11,14,15,16,17,17,17,17,19,21,21,21,21,21,21,21,21,21,21,21,21,21,21,21,21,21
7004414755,9,11,11,16,18,18,21,23,23,26,27,27,27,28,28,31,33,33,33,33,37,37,37,37,40,40
6602908026,1,1,1,1,1,1,1,1,1,2,2,2,2,5,5,6,8,17,17,19,27,28,29,29,29,31
7004167109,2,2,2,2,2,2,4,4,6,6,14,17,20,22,25,26,31,33,34,34,34,34,38,43,43,43
7102416864,2,2,2,2,2,2,4,4,4,4,4,4,4,4,4,4,4,4,4,4,4,4,4,4,4,4
7005644104,4,4,4,4,7,7,7,7,7,7,7,7,7,7,7,7,7,7,7,7,7,7,7,7,7,7
7004405126,5,5,5,5,5,5,8,8,15,15,15,15,15,15,15,15,15,15,15,15,15,15,15,15,15,15
6602246456,2,2,2,2,2,2,2,2,2,2,2,2,2,7,9,12,16,16,16,16,16,16,19,25,26,37
35884624500,1,1,1,1,2,5,5,5,5,6,8,8,9,9,9,9,9,9,12,12,12,12,12,12,24,24
7005812059,4,4,4,4,4,4,4,4,4,4,4,4,4,4,4,4,4,4,4,4,4,4,4,4,4,4
6701545109,2,3,5,5,5,5,5,6,6,6,7,7,7,7,7,7,7,7,7,7,7,7,7,7,7,7
7202432089,3,5,11,13,13,15,16,23,23,27,31,35,39,45,49,69,73,79,88,89,91,91,93,94,94,94
6603192957,4,4,9,9,9,9,13,13,13,15,15,15,15,15,15,15,15,15,15,15,15,15,15,15,15,15
7006052449,1,1,1,1,1,1,1,1,1,1,1,1,1,1,1,1,1,1,1,1,1,1,1,1,1,1
7102873814,1,1,1,1,1,1,1,1,1,1,1,1,1,1,3,3,3,6,6,6,6,6,6,6,6,6
6602137771,3,3,3,3,3,3,3,3,3,3,3,3,3,3,3,3,3,7,7,7,7,7,7,7,7,7
35622603800,2,2,2,2,2,2,2,2,4,4,5,5,5,5,5,6,8,8,8,15,18,19,20,20,24,26
7004132205,1,2,6,6,6,6,6,8,8,8,8,8,8,9,10,11,11,11,11,14,16,16,23,27,29,29
6508230591,3,3,3,3,3,3,3,3,3,3,3,3,3,3,3,3,3,3,3,3,3,3,3,3,3,3
6507242496,1,2,2,2,6,6,6,6,6,6,6,6,6,6,6,6,6,6,6,6,6,6,6,6,6,6
6507057555,5,5,6,6,9,9,9,9,9,10,14,14,14,15,15,25,26,31,33,36,36,39,39,39,39,44
7102315971,1,1,1,1,1,10,10,10,10,10,21,21,21,21,21,42,57,94,94,98,98,103,131,139,139,139
7004121365,3,3,3,3,3,4,7,7,9,10,10,10,16,17,20,20,22,24,24,29,29,31,31,35,38,40
6701741822,6,6,6,6,7,7,8,8,8,10,10,10,10,11,11,12,16,17,20,20,20,20,20,20,20,20
7202208808,2,2,2,2,2,2,2,2,3,3,3,3,3,3,3,3,3,3,3,3,3,3,3,3,3,3
55962216100,1,1,1,1,1,1,1,1,1,1,1,1,2,2,6,7,7,7,9,9,9,18,18,18,19,24
12776543700,2,2,2,2,2,2,2,2,2,2,2,9,15,16,16,16,16,21,21,26,26,29,30,56,59,63
19833854500,6,6,6,6,6,6,6,11,11,11,11,11,11,11,11,11,11,11,11,11,11,11,11,11,11,11
11141570900,3,4,4,4,4,7,7,7,7,7,10,10,10,13,18,18,18,18,25,25,26,28,30,32,32,38
6603618853,5,5,13,40,40,40,40,40,42,42,42,42,42,42,42,42,42,42,42,42,42,42,42,42,42,42
6603913141,3,4,4,4,7,7,8,11,11,12,12,15,16,19,24,24,29,35,36,48,50,54,56,60,62,67
6602390045,2,2,2,2,2,2,2,2,3,3,3,3,5,5,5,10,10,10,12,14,14,14,14,20,20,20
10046157900,1,1,1,1,1,2,2,2,4,4,4,4,4,4,6,6,6,6,6,6,8,8,14,25,28,28
6602910403,5,5,5,5,5,5,5,5,5,5,5,5,5,5,5,5,5,5,5,5,5,5,5,5,5,5
55395525100,1,1,2,2,2,2,2,2,2,2,2,2,2,2,2,2,2,2,2,2,2,2,2,2,2,2
7003999395,2,2,2,2,2,2,2,2,2,2,2,2,2,2,2,2,2,2,2,2,2,2,2,2,2,2
7101902715,3,3,3,3,3,3,9,14,20,20,20,20,20,20,20,20,20,20,20,20,20,20,20,20,20,20
6507118743,2,4,4,5,6,6,6,6,6,6,6,6,6,6,6,6,6,6,6,6,6,6,6,6,6,6
55855475700,2,2,2,3,3,9,9,13,21,24,24,24,24,24,24,24,24,24,26,26,28,28,28,28,28,28
6603741381,4,4,6,6,8,8,8,9,9,9,16,18,18,22,22,22,24,31,31,31,31,31,31,31,31,31
22994290000,2,2,2,2,2,2,2,2,2,2,2,2,2,2,3,3,3,3,3,3,3,3,3,3,3,3
7004598616,4,4,4,4,4,7,7,7,7,7,7,7,7,7,7,7,7,7,7,7,7,7,7,7,7,7
6602714698,3,3,3,3,3,3,3,3,3,3,3,5,5,5,5,5,5,5,5,5,5,5,5,5,5,5
6603223911,3,3,3,3,3,3,3,3,3,3,3,3,3,3,3,3,3,3,3,3,3,3,3,3,3,3
6602848567,1,4,5,5,5,5,5,5,5,6,6,6,6,6,7,9,9,11,14,14,14,20,22,22,22,23
6505817843,1,1,1,5,5,5,7,7,7,7,7,7,7,7,7,7,7,7,7,7,7,7,7,7,7,7
6602327990,3,3,4,4,4,4,8,13,13,14,16,16,16,16,16,19,21,23,26,27,33,34,38,47,47,52
6602508003,1,1,1,1,2,2,2,4,4,4,4,4,4,4,4,4,4,4,4,4,4,4,4,4,4,4
6603734520,6,6,6,7,7,7,7,7,7,7,7,7,7,7,7,8,8,8,12,12,12,12,12,14,14,15
6701312946,6,6,7,7,7,8,8,8,8,8,8,8,8,8,8,8,8,8,8,8,8,8,8,8,8,8
20133827600,4,4,4,4,4,4,4,4,4,4,4,4,4,4,4,4,4,4,4,4,4,4,4,4,4,4
7007034662,1,1,1,1,1,2,4,4,4,4,4,4,4,4,4,4,4,4,4,4,4,4,4,4,4,4
7005397709,1,1,1,1,1,1,1,1,2,2,2,2,5,5,5,5,6,6,6,7,7,7,7,7,7,7
56085330800,1,1,1,1,1,1,2,2,2,2,2,2,2,2,2,2,2,2,2,2,2,2,2,2,2,2
7004589204,2,2,2,2,2,2,2,2,2,5,5,5,5,5,5,5,5,5,5,5,5,5,5,5,5,5
35248192100,2,2,2,2,3,3,3,3,3,3,3,3,3,3,3,3,3,3,3,3,3,3,3,3,3,11
56273464600,3,3,3,3,3,3,3,3,3,3,3,3,3,3,3,3,3,3,3,3,3,3,3,3,3,3
55879641300,5,5,5,5,8,8,8,8,8,10,10,10,10,10,10,10,10,10,10,10,10,10,10,10,10,10
8864151600,1,2,2,2,2,2,2,2,2,2,2,7,13,14,16,17,20,23,27,29,33,35,51,53,58,58
35614980300,1,3,3,3,3,3,4,7,8,11,14,22,24,27,30,35,35,38,40,54,65,70,74,83,88,98
57193973272,4,4,4,4,4,4,4,4,4,4,4,4,4,4,4,4,4,4,4,4,4,4,4,4,4,4
6507346621,6,6,6,6,6,6,6,6,6,6,6,6,6,6,6,6,6,6,6,6,6,6,6,6,6,6
6603596353,2,2,2,2,2,2,2,2,2,2,2,2,2,2,2,2,2,2,2,2,2,2,2,2,2,2
7403712309,3,3,3,3,4,4,4,7,7,7,7,7,7,7,12,12,12,14,15,15,19,19,24,24,24,24
6602100261,3,3,3,3,4,4,4,4,4,6,7,7,7,7,7,10,10,10,12,12,12,12,15,21,29,32
7004499259,1,1,1,1,1,1,1,4,4,4,4,4,4,8,8,8,8,8,11,14,18,18,18,18,20,20
7202095730,3,3,4,4,4,4,6,7,7,7,7,7,7,7,7,9,10,10,10,12,12,12,12,12,12,12
7005975208,2,2,4,7,15,25,28,28,32,32,36,39,40,42,42,42,42,42,42,42,42,42,42,42,42,42
7004840562,16,16,16,27,27,27,28,28,28,28,29,32,36,38,38,38,38,38,38,38,38,38,42,42,42,42
7103095545,2,2,2,2,2,2,2,2,2,2,2,2,2,2,2,2,2,2,2,2,2,2,2,2,2,2
6506846461,3,3,3,3,3,5,5,6,6,6,9,9,9,11,11,11,11,11,18,18,18,22,25,26,27,27
6603779613,3,3,3,3,3,3,4,10,10,10,15,16,21,28,29,39,40,45,48,48,48,48,48,48,48,48
6506405308,5,5,5,5,5,5,5,5,5,5,5,5,7,7,7,7,7,7,7,7,7,7,7,7,7,7
55933733700,1,1,1,1,1,1,1,1,1,1,1,1,1,1,1,1,1,1,1,1,1,1,3,3,3,3
7003297175,3,5,5,6,10,11,11,14,18,18,19,19,23,27,31,34,41,49,53,57,57,59,60,62,68,68
7006509222,1,1,1,2,2,3,3,3,3,3,3,3,3,3,3,3,6,11,11,11,11,11,12,12,12,15
6602872379,1,1,4,4,4,7,7,7,8,8,10,20,20,22,22,28,31,33,37,38,39,42,43,47,50,54
6602987421,1,1,1,2,5,5,5,5,5,5,6,6,6,7,7,7,7,7,7,7,7,7,7,7,7,7
56630745300,2,2,2,2,2,19,19,19,19,19,19,19,19,19,19,19,19,19,19,19,19,19,19,19,19,19
7003477796,3,3,3,3,3,3,3,3,3,3,3,3,6,6,9,9,11,18,18,18,19,19,22,22,22,23
6701575809,1,1,3,4,5,6,13,14,31,34,34,36,40,43,45,46,46,54,56,57,63,66,67,70,72,74
7005838527,3,3,5,10,10,10,10,14,19,19,23,23,25,25,26,26,26,27,27,27,31,35,36,36,36,36
7003432399,2,2,2,2,2,2,2,2,2,2,2,2,2,2,2,2,2,2,2,2,2,2,2,2,2,2
7202360383,3,3,3,3,4,6,6,6,10,11,11,11,11,20,20,21,22,22,25,25,25,29,29,30,30,32
7801471324,4,4,4,4,4,4,4,4,4,4,4,4,4,4,4,4,4,4,4,4,4,4,4,4,4,4
6505937452,1,1,1,1,1,1,1,1,1,1,1,1,1,1,1,1,1,1,1,1,1,1,1,1,1,1
7003838398,2,3,3,6,6,9,9,9,9,9,9,9,9,9,9,9,9,9,9,9,9,9,9,9,9,9
7003909236,5,5,5,6,6,11,11,11,13,14,14,14,14,14,14,14,14,14,14,14,14,14,14,14,14,14
7005735411,2,2,2,2,2,2,2,4,5,5,7,8,9,10,11,15,15,18,21,21,23,23,29,34,39,44
6507521862,1,2,2,2,2,2,2,2,2,2,2,2,2,2,2,2,2,2,2,2,2,2,2,2,2,2
13606975800,3,3,5,7,7,8,14,19,20,20,20,20,24,27,27,33,35,47,63,68,95,101,112,120,129,141
6603554423,2,3,3,3,3,3,3,3,3,5,5,5,6,7,8,8,8,8,8,9,9,9,9,12,12,12
7004575756,1,1,1,4,4,6,6,6,6,6,6,6,6,6,6,6,6,6,6,6,10,10,10,10,10,10
7102568206,7,7,7,7,7,12,14,14,14,14,14,14,14,14,19,19,19,19,19,19,25,25,25,25,25,25
6603166891,2,2,3,6,6,6,7,7,8,11,13,15,15,20,20,20,20,20,20,20,20,20,20,20,20,20
7102945606,6,6,6,6,6,6,6,11,11,11,11,11,11,11,11,11,11,11,11,11,11,11,11,11,11,11
7004108174,3,3,3,3,3,3,3,11,11,11,11,11,11,11,11,11,11,11,11,11,11,11,11,11,11,11
7007056834,6,6,6,6,6,6,6,6,6,6,6,6,6,6,6,6,10,19,19,19,19,19,19,19,19,19
15042077300,2,2,2,2,2,2,4,6,6,6,6,6,6,9,9,9,9,9,11,11,11,11,12,12,12,12
55543804100,3,3,4,6,9,9,10,10,12,19,26,27,28,33,43,48,54,59,64,65,68,71,77,83,85,90
55289228900,6,8,8,8,8,8,8,8,8,8,8,8,8,8,10,10,10,10,10,13,13,13,21,21,21,21
35509476900,1,1,1,4,5,5,5,5,5,5,5,5,5,5,5,5,5,5,5,5,5,5,5,5,5,5
6506629383,1,1,1,1,3,3,3,5,5,5,5,5,5,5,5,5,5,5,5,5,5,5,5,5,5,5
6604030546,1,1,1,1,1,2,4,4,4,5,8,11,20,20,20,24,26,26,27,27,34,36,38,38,41,41
6603467981,2,2,2,2,2,2,2,2,2,2,2,2,2,2,2,2,2,2,2,2,2,2,2,2,2,2
7004118626,1,1,4,4,8,8,8,12,12,12,12,12,12,12,12,12,12,12,15,15,15,17,17,17,17,17
7003436036,2,2,3,4,7,10,12,18,18,18,20,20,24,33,35,40,53,57,66,69,74,78,78,80,89,96
8554700700,1,1,1,1,1,1,1,1,1,1,1,1,1,1,1,1,1,1,1,1,1,1,1,1,1,1
6602262703,1,1,1,1,1,1,1,1,1,1,2,2,2,4,4,4,5,7,7,7,7,8,8,8,8,8
7005759544,3,3,3,3,7,7,7,7,7,7,7,7,7,7,7,7,7,7,7,7,7,7,7,7,7,7
56315230700,1,1,1,1,1,1,1,1,3,4,5,5,5,5,5,5,5,5,5,5,5,5,5,5,5,5
6603647494,2,2,2,2,2,2,2,2,2,5,5,5,5,5,6,10,10,10,14,14,17,21,21,22,27,27
7004253877,2,2,2,2,2,2,2,2,7,8,8,9,9,9,12,14,14,14,18,18,22,23,23,26,26,26
6701356172,3,3,3,5,6,11,13,16,16,17,21,33,33,37,39,42,42,51,62,63,69,69,73,73,76,78
55473995800,16,16,16,16,16,16,16,16,16,16,17,20,20,20,20,20,20,20,20,20,20,20,20,20,20,20
7202968329,5,5,5,5,5,5,5,5,5,5,5,5,5,5,5,5,5,5,5,5,5,5,5,5,5,5
6603028478,1,1,1,3,6,6,8,8,8,8,9,9,15,15,15,16,16,16,18,18,18,20,20,20,20,20
8227803800,1,1,1,1,1,1,1,1,1,2,2,2,2,2,2,2,2,6,6,7,7,7,11,16,16,22
7003668011,4,4,4,4,4,4,4,4,4,4,4,4,4,4,4,4,4,4,4,4,4,4,4,4,4,4
6507642449,3,3,3,3,3,3,3,3,3,3,3,3,3,3,5,5,5,5,5,5,5,5,5,5,5,5
57204296946,6,6,6,7,12,12,12,12,12,12,12,12,15,17,22,30,30,34,36,40,41,44,45,50,55,55
6603443884,1,2,2,4,7,9,9,12,12,14,15,15,15,15,16,16,16,16,20,20,20,20,20,20,22,22
6603844132,1,1,1,1,1,1,4,4,12,12,14,17,21,21,22,25,28,28,33,34,37,38,39,43,44,49
57011165600,2,2,2,2,2,2,2,2,2,2,2,2,2,2,2,2,2,2,2,2,2,2,2,2,2,2
35913047100,3,3,3,3,3,3,3,3,3,3,3,3,3,3,4,6,6,10,10,10,10,10,10,10,10,10
6603667999,2,4,4,4,4,4,4,4,4,4,4,4,4,4,4,4,4,4,4,4,4,4,4,4,4,4
7202793493,7,10,10,13,18,22,26,36,45,49,50,57,64,65,73,79,89,95,95,98,101,114,135,153,154,161
55935676200,2,2,2,4,5,5,7,7,7,7,7,7,7,7,9,10,10,10,10,10,10,10,10,10,10,10
6603945826,6,6,6,6,6,6,6,6,6,6,6,6,6,6,6,6,6,6,6,6,6,6,6,6,6,6
7005931231,2,2,2,2,2,2,2,2,2,2,2,2,2,2,2,2,2,2,2,2,2,2,2,2,2,2
24299059100,1,4,4,4,9,9,9,9,9,9,9,9,9,9,9,9,9,9,9,9,9,9,9,9,9,9
6603639081,3,4,4,4,4,4,4,5,5,5,5,7,7,7,7,7,7,7,7,7,7,7,7,7,7,7
6603202439,12,12,12,12,12,12,12,26,26,26,26,26,26,26,26,26,26,26,26,69,85,85,89,89,89,89
7006990986,1,1,1,1,2,2,3,3,3,5,5,5,5,5,5,16,16,16,16,16,16,16,16,16,16,16
7003369451,5,8,8,15,15,15,15,15,17,17,23,23,26,27,32,32,32,32,32,32,36,38,44,44,44,44
7003922989,2,2,2,2,2,2,2,2,2,2,2,2,2,2,2,2,2,3,3,3,3,3,3,3,3,3
6603605697,2,2,2,2,2,2,2,4,6,6,6,6,6,6,6,6,6,6,6,6,6,6,6,6,6,6
6603808375,2,2,2,2,2,2,2,2,2,2,2,2,2,4,4,4,4,4,4,4,4,4,4,4,4,4
57193013503,1,1,1,1,3,5,9,9,12,12,14,17,20,22,23,23,24,36,37,41,45,53,57,60,73,76
7003992093,3,6,10,10,11,13,13,18,18,21,21,21,21,21,21,21,21,21,21,21,21,21,21,21,21,21
7005015629,5,5,5,5,5,8,8,8,9,12,13,15,20,23,23,25,31,34,35,35,35,35,35,35,35,35
6602263687,1,1,1,1,1,1,1,1,1,1,1,1,1,17,32,36,38,41,43,44,51,51,51,51,51,51
6602415720,3,4,5,5,5,5,5,5,5,6,6,6,6,6,8,8,8,8,8,8,8,8,8,8,8,8
7006461011,3,3,3,3,3,3,3,3,3,3,3,3,3,3,3,3,3,3,3,3,3,3,3,3,3,3
7203057549,2,2,2,2,2,2,2,2,2,2,2,2,2,2,2,2,2,2,2,2,2,2,2,2,2,2
55580668400,5,5,5,8,8,8,10,10,10,10,10,11,11,15,15,18,18,18,18,18,18,18,18,22,22,22
6603286165,1,1,1,1,1,1,2,2,3,5,5,9,9,9,10,10,10,13,13,13,13,18,18,20,26,26
9236211000,3,5,5,5,5,7,7,7,7,7,7,10,12,12,19,19,19,19,19,23,24,24,24,26,26,26
6602560295,6,7,7,10,10,10,10,10,10,10,10,10,10,11,11,11,11,11,11,11,11,11,11,11,11,11
7004242724,2,3,3,3,6,6,6,6,6,10,11,11,11,12,15,18,18,21,21,31,31,33,33,36,36,36
6603592988,1,1,1,4,8,8,8,8,8,8,8,8,9,9,9,11,11,11,12,12,12,13,16,23,27,27
35793628500,3,3,3,3,3,3,3,3,3,3,3,3,3,3,3,3,3,3,3,3,3,3,3,3,3,3
6602412086,2,3,3,3,3,3,3,3,5,5,5,5,5,5,5,5,5,5,5,5,5,5,5,5,5,5
24332576200,5,6,7,7,7,11,11,13,13,14,14,14,14,14,14,17,17,17,19,19,19,19,19,19,19,19
56233078700,2,2,2,2,2,2,2,2,2,2,2,2,2,6,6,6,6,6,6,6,6,6,6,6,6,6
14631657500,1,1,1,1,1,1,1,1,1,2,2,2,2,5,6,7,11,11,11,11,11,11,11,11,11,11
8618077000,6,6,6,6,6,6,6,6,6,6,6,6,6,6,6,6,6,6,6,6,6,6,6,6,6,6
6602496218,1,1,1,1,2,3,3,3,3,3,3,3,3,5,8,8,8,8,8,8,9,16,16,16,18,18
35253986400,2,3,3,3,5,6,6,6,6,14,17,19,22,26,29,34,41,49,52,57,66,70,86,90,90,90
6603701102,2,2,2,2,2,2,2,2,2,2,2,2,2,6,7,7,13,14,14,14,19,22,22,22,22,22
6602797213,2,2,2,2,2,2,3,3,3,3,3,3,3,3,3,3,3,3,3,3,3,3,3,3,3,3
7003487352,1,1,1,1,1,1,1,8,8,8,8,8,8,8,8,8,8,8,8,8,8,8,8,8,8,8
7003280805,2,2,2,2,2,2,2,2,2,2,2,2,2,2,2,2,2,2,2,2,2,2,2,2,2,2
6505783641,2,2,2,2,2,2,2,2,2,2,2,2,2,2,2,2,2,5,5,5,5,8,8,13,13,13
7004287798,3,4,4,4,4,4,4,4,4,4,4,4,4,4,4,4,4,4,4,4,4,4,4,4,4,4
56243071400,2,2,2,2,2,2,2,2,2,2,2,2,2,2,5,5,9,13,13,13,13,13,13,13,14,14
56016735800,2,2,2,2,2,2,2,3,3,4,8,12,16,16,16,21,21,27,31,31,31,35,35,35,35,39
6602498386,1,1,1,1,1,1,1,1,1,1,1,1,1,1,1,1,1,1,1,1,1,1,1,1,1,1
6701658861,1,3,4,7,9,13,14,22,32,33,36,38,62,79,89,90,93,103,124,127,134,153,162,179,185,185
13106259500,3,3,3,3,3,3,3,3,3,3,3,3,5,5,7,7,7,7,7,7,7,7,7,7,7,7
6506454694,4,4,4,4,6,6,6,6,6,6,6,6,7,11,12,12,12,12,12,12,12,12,12,12,12,12
7005065510,4,4,4,7,7,7,7,9,9,9,9,9,9,9,9,9,9,9,9,9,9,9,11,11,11,11
6506309668,3,4,4,4,5,5,5,5,5,5,5,5,5,5,5,5,5,5,5,5,5,5,5,5,5,5
6602323574,1,1,1,1,1,5,5,5,5,9,9,9,9,9,9,9,11,11,11,11,11,11,11,11,11,11
7004697452,4,4,16,17,30,36,36,42,67,77,79,81,83,91,91,91,91,91,94,97,109,109,115,115,119,121
6506199391,4,4,4,4,4,4,6,6,6,10,10,10,10,14,18,24,30,69,72,78,84,91,112,118,125,135
7004542241,3,3,3,6,8,9,9,9,9,9,9,9,9,9,9,9,9,9,9,9,9,9,9,9,9,9
56255255600,1,3,3,3,3,3,3,6,8,8,10,10,10,10,11,11,11,11,11,14,14,14,14,14,14,14
6507789310,2,2,3,5,7,8,8,8,8,9,9,11,11,12,14,16,16,17,22,25,29,31,36,38,44,59
7006909993,1,1,6,6,7,8,8,11,12,17,22,22,23,26,28,28,29,33,33,37,37,37,44,48,48,50
17435525100,1,1,1,1,1,1,1,1,1,1,1,1,1,4,4,4,8,11,11,11,11,11,11,11,11,11
6602819261,1,1,1,1,3,3,3,3,3,5,5,8,9,9,22,25,31,47,49,52,54,60,70,72,76,77
7801591882,2,2,2,2,2,2,2,2,4,4,4,7,10,10,12,12,12,12,12,12,15,15,15,15,15,15
6602691351,6,6,6,6,6,6,6,6,6,13,13,13,13,13,13,13,13,13,24,24,24,24,24,24,24,24
7102141949,1,1,1,1,1,2,2,2,2,2,2,2,2,2,6,6,11,20,20,27,27,27,27,27,27,27
7101843052,3,3,3,3,3,3,3,3,3,3,10,11,13,14,26,27,39,39,46,47,51,54,58,64,64,64
6602586669,1,2,2,4,5,5,5,5,5,5,5,5,5,5,5,5,5,5,5,5,5,5,5,5,5,5
6506864960,3,3,3,4,4,4,4,4,4,4,4,4,4,4,4,4,4,4,4,4,4,4,4,4,4,4
7101716929,6,6,6,6,6,6,6,6,6,6,6,6,6,6,6,6,6,6,6,6,6,6,6,6,6,6
6603694795,2,2,2,2,2,2,2,4,5,8,8,8,8,8,10,13,19,19,21,21,21,21,21,21,21,21
6603157190,1,1,1,3,3,3,3,12,12,12,12,12,12,12,12,12,12,12,12,12,12,12,12,12,12,12
57196509360,3,6,7,10,10,10,10,10,10,10,10,10,10,10,10,10,10,10,10,10,10,10,10,10,10,10
6603368492,5,5,5,5,5,5,5,5,5,5,5,5,5,5,5,5,5,5,5,5,5,5,5,5,5,5
36764326400,3,3,3,3,5,5,10,12,12,15,15,16,24,24,25,25,25,25,25,25,25,25,25,25,25,25
6603944045,2,2,2,3,4,5,5,6,8,8,8,8,9,9,11,14,17,17,18,25,25,25,25,25,25,25
7801416791,3,3,3,3,3,3,3,3,3,4,9,9,9,9,9,9,9,9,11,11,11,11,11,11,11,11
6602788540,1,3,7,7,7,7,7,7,7,7,9,11,11,13,19,22,23,25,26,26,30,30,30,30,30,30
7003309212,1,1,1,1,1,1,2,3,6,6,6,6,10,10,10,10,13,13,13,13,13,13,13,13,13,13
6701662968,1,1,3,4,4,4,4,7,9,10,13,14,16,18,25,29,30,31,35,38,46,59,62,72,73,77
7005061445,1,1,1,1,2,3,3,3,3,3,4,9,11,14,14,14,15,16,17,18,18,18,18,18,18,18
6701547879,1,2,2,2,2,5,5,8,8,11,12,19,20,36,37,42,43,45,48,51,51,54,56,56,59,63
7003577422,4,4,7,7,7,7,7,7,7,7,7,7,7,7,7,7,7,7,7,7,7,7,7,7,7,7
57202569966,3,4,4,4,4,6,22,22,36,36,45,45,46,46,46,46,46,46,46,46,46,46,46,46,46,46
7007124657,4,4,4,4,4,6,6,7,7,8,8,8,8,8,8,9,9,9,9,11,11,11,11,11,11,11
56593589000,7,7,7,7,9,9,11,13,13,13,13,17,17,17,18,18,18,19,19,19,24,24,24,24,24,24
55241892000,2,2,3,3,3,3,3,3,3,3,3,3,3,3,3,3,3,3,3,3,3,3,3,3,3,3
7005668396,2,2,2,2,2,2,2,2,2,2,2,2,2,2,2,2,2,2,2,2,2,2,2,2,2,2
8,5,5,5,5,5,5,5,5,5,5,5,5,5,5,5,5,5,5,5,5,5,5,5,5,5,5
6602649273,3,3,4,4,6,6,6,6,6,6,6,6,6,6,6,6,6,6,6,6,6,6,6,6,6,6
56232381500,2,2,3,3,3,3,3,4,4,4,11,11,11,11,11,16,20,20,20,20,20,20,20,20,20,20
7404754960,7,9,11,13,14,14,14,14,14,14,14,14,14,14,14,14,14,14,14,14,14,14,14,14,14,14
6602894481,2,2,3,3,3,3,3,3,3,3,3,3,3,3,3,3,3,3,3,3,3,3,3,3,3,3
7004323011,2,2,2,5,9,25,25,30,40,41,41,41,41,41,41,41,41,41,41,41,41,41,41,41,41,41
6701506834,4,5,5,5,5,5,5,5,5,5,5,5,5,5,5,5,7,7,8,8,8,12,18,20,20,20
7004037017,3,3,3,3,3,3,3,9,9,9,9,9,10,10,10,10,10,10,10,10,10,10,10,10,10,10
7003426459,6,6,6,6,6,6,6,6,6,6,6,6,6,6,6,6,6,6,6,6,6,6,6,6,6,6
6701740839,1,1,1,1,3,3,3,5,5,5,5,5,5,7,8,8,13,13,13,13,16,16,16,16,16,16
6602438550,3,3,3,5,5,5,6,6,6,6,6,6,6,6,6,6,6,6,6,6,6,6,6,6,6,6
6603688098,6,6,6,9,10,10,10,10,10,10,16,20,24,24,24,26,27,27,30,30,30,33,33,34,36,41
7004335844,1,3,3,7,26,28,32,32,32,35,37,41,45,45,57,57,58,61,64,69,69,73,84,92,92,92
7202995171,8,8,8,8,8,8,8,8,8,8,8,8,8,8,8,8,8,8,8,8,8,8,8,8,8,8
6602572073,2,2,2,8,9,10,10,11,17,22,23,25,30,36,44,61,71,74,76,83,93,99,104,110,114,114
6602830271,1,1,1,1,1,1,1,1,1,1,1,9,10,16,21,23,23,25,25,25,28,33,38,40,47,49
7801443157,1,1,2,2,2,2,2,2,2,2,2,2,2,2,2,2,2,2,2,2,2,2,2,2,2,2
6603617540,2,3,3,5,5,5,5,12,12,12,15,28,28,32,33,35,35,35,39,51,51,51,54,64,66,70
7005169133,1,1,2,2,2,2,2,2,2,4,4,5,6,6,6,6,7,7,7,7,7,7,7,7,7,7
6602329009,1,1,1,1,3,4,5,5,5,5,5,5,5,5,6,7,8,8,8,9,9,9,9,9,9,9
6506996704,3,3,10,10,10,10,10,11,11,11,26,26,26,26,26,26,26,26,26,26,26,26,26,26,26,26
56426945100,2,2,2,2,2,2,2,2,2,2,2,2,2,2,2,2,2,2,2,6,6,7,7,8,8,8
7004407237,2,2,2,6,6,6,8,10,10,13,16,19,28,82,85,86,88,89,90,90,94,97,97,103,105,119
7003392957,7,7,7,7,9,12,13,14,15,16,20,24,30,30,35,39,42,43,44,44,52,53,55,81,81,81
6603308928,2,3,3,3,3,3,6,6,6,7,7,9,9,11,15,15,17,17,17,17,21,21,21,22,22,31
7004059488,1,1,1,1,3,3,3,3,4,7,17,19,35,39,40,40,41,41,43,46,47,48,49,54,54,54
7003906424,7,7,7,7,7,7,7,7,9,9,9,9,9,9,9,9,9,9,9,9,9,9,9,9,9,9
7004418929,2,2,2,2,2,2,2,5,5,5,5,5,5,5,5,5,5,5,5,5,5,5,5,7,7,8
56634900900,1,5,8,11,11,11,11,11,11,11,11,11,11,11,11,11,11,11,11,11,11,11,11,11,11,11
7006381002,1,1,1,1,1,1,2,2,2,2,2,2,2,2,2,2,2,2,2,2,2,2,2,2,2,4
23393237100,1,1,3,3,3,3,3,3,3,3,3,3,3,3,8,10,10,10,10,10,10,10,10,10,10,10
7003570345,4,4,4,4,6,10,12,12,12,17,18,18,18,19,19,19,19,19,19,19,19,19,19,19,19,19
6701751060,4,5,5,5,5,5,5,5,5,5,5,5,5,5,5,5,5,5,5,5,8,8,8,8,8,8
7004391685,3,3,3,3,3,3,4,4,4,4,4,4,4,4,4,4,4,4,4,4,4,16,19,19,19,19
54887932900,3,6,6,6,6,6,6,6,6,6,6,6,6,6,6,6,6,6,6,6,6,6,6,6,6,6
6602767117,1,1,1,1,1,1,1,1,1,1,1,1,1,1,1,1,1,1,1,1,1,1,1,1,1,1
8223378200,7,7,7,7,7,7,7,7,7,7,7,7,7,7,7,7,7,8,8,8,8,8,8,8,8,8
7004811407,2,2,2,2,2,2,2,2,2,2,2,2,2,2,2,2,2,2,2,2,2,2,2,2,2,2
56974064200,1,3,4,4,4,4,4,4,4,4,4,4,4,4,4,4,4,4,4,4,4,4,4,4,4,4
24484085300,3,3,3,3,3,3,3,3,3,3,3,3,3,3,5,5,5,6,6,6,6,7,7,7,7,7
46661247000,3,3,3,3,3,3,3,5,5,18,18,18,21,21,21,22,22,28,30,30,30,30,30,30,30,30
8892515900,3,3,3,3,3,3,3,3,3,3,4,4,7,7,10,11,11,11,11,11,11,11,14,14,14,14
7201639143,2,2,2,2,2,2,2,2,2,2,2,2,2,2,2,2,2,2,2,2,2,2,2,2,2,2
6505918599,1,4,4,7,7,7,7,7,7,7,7,7,7,7,7,7,7,7,7,7,7,7,7,7,7,7
6508051548,1,1,1,1,1,1,1,1,1,1,1,1,1,3,4,4,4,4,4,4,4,4,4,4,4,4
6602358486,6,6,8,8,8,8,8,8,8,8,8,8,8,8,8,8,8,8,8,8,8,8,8,8,8,8
55897859900,1,1,3,3,3,3,3,3,3,3,5,6,6,6,6,9,10,13,14,14,14,14,15,16,16,16
56123558800,1,1,1,1,1,1,5,5,5,9,12,12,14,14,14,18,18,18,21,23,23,23,25,25,25,25
7005562755,8,8,8,8,8,8,8,8,8,8,8,8,8,8,8,8,8,8,8,8,8,8,8,8,8,8
6602486785,2,2,3,3,3,4,4,4,4,4,4,4,4,6,6,11,16,24,25,31,31,34,35,40,47,47
6602347066,2,3,3,3,3,3,3,3,3,3,3,3,3,3,3,3,3,3,3,3,3,3,3,3,3,3
6603212257,2,2,2,2,2,4,4,6,8,11,13,13,13,13,13,13,13,13,13,13,13,15,15,15,15,21
56246011200,2,2,3,3,3,3,3,3,3,3,3,3,3,3,3,3,3,3,3,3,3,3,3,3,3,3
6602133133,5,5,5,5,6,6,6,10,11,11,13,13,13,15,22,22,24,29,42,43,55,74,74,79,80,87
56544644600,1,1,1,1,1,1,4,4,4,4,4,5,5,7,7,7,9,10,10,10,14,14,14,14,18,18
6505761003,3,3,3,3,3,3,3,3,3,3,3,3,3,8,8,9,9,9,9,9,9,10,10,10,10,10
35580714600,1,1,1,2,4,6,6,6,9,11,11,11,11,15,15,15,15,15,15,15,15,15,40,40,40,43
6602815440,3,3,3,3,3,3,3,3,3,3,3,3,3,3,3,3,3,3,3,3,3,3,3,3,3,3
57195413964,3,3,3,3,3,3,3,3,3,3,3,3,3,3,3,3,3,3,3,3,3,3,3,3,3,3
56265423000,1,1,1,2,3,5,5,5,5,5,5,5,5,5,5,5,7,7,7,7,7,7,7,7,7,7
56055387200,3,3,3,3,3,3,3,4,8,8,8,9,10,13,16,16,17,19,21,21,24,27,27,27,29,29
7004939343,1,1,2,5,5,5,5,5,8,8,8,8,8,8,8,8,8,8,8,8,8,8,8,8,8,8
6701762007,2,7,7,7,11,15,15,16,16,21,21,23,23,23,31,31,31,48,51,59,61,70,70,82,90,90
6701533846,2,2,2,2,3,6,8,13,17,19,19,21,21,28,32,32,32,35,35,49,49,50,50,54,54,54
7801625573,1,1,1,1,1,1,1,1,1,1,1,1,1,1,1,1,1,1,1,1,1,1,1,1,1,1
7101872831,2,2,2,5,5,5,5,5,5,5,5,5,5,5,5,5,5,5,5,5,5,5,5,5,5,5
36803860200,4,4,4,4,6,8,8,8,8,8,8,8,8,8,8,8,8,8,8,8,8,8,8,8,8,8
7004665791,1,1,1,1,1,1,1,1,1,1,1,1,1,1,1,1,1,1,1,1,1,1,1,1,1,1
35315137900,1,1,1,1,1,1,1,1,1,1,1,1,1,1,1,1,1,1,1,1,1,1,1,1,1,1
56027986400,3,4,4,5,5,5,6,6,6,6,6,6,6,9,10,14,16,18,19,20,20,24,25,39,43,43
6603106767,3,3,3,3,3,3,3,3,5,5,5,18,33,40,44,45,45,45,45,45,47,47,47,47,47,47
6603066224,1,1,6,6,6,6,6,6,7,7,7,7,10,13,15,20,21,21,21,21,23,24,24,24,24,24
6507929991,3,3,3,3,3,3,3,3,3,3,3,3,3,3,3,3,3,3,3,3,3,3,3,3,3,3
7005706750,3,5,5,6,8,8,8,12,21,25,32,36,36,44,44,57,57,59,69,86,98,113,121,136,163,175
7102250077,11,11,11,11,11,11,11,11,11,11,11,11,11,11,11,11,11,11,11,11,11,11,11,16,19,19
7003580856,12,15,25,26,27,29,29,29,33,33,33,36,36,36,40,58,58,58,58,58,58,58,58,58,58,58
24497145500,3,3,3,3,4,4,4,4,4,4,4,4,4,4,4,4,4,4,4,4,4,4,4,4,4,4
7004305656,2,2,2,2,8,8,14,20,21,22,27,28,28,44,44,45,48,50,50,52,58,62,67,73,78,88
55884672400,4,4,6,10,10,10,11,12,12,14,15,15,18,19,20,22,22,24,28,31,32,34,38,40,41,42
56238903200,1,1,2,5,5,8,9,10,12,17,17,19,20,20,20,25,25,29,29,30,30,30,30,30,30,31
6507159000,4,4,7,7,7,7,7,7,12,12,12,12,12,12,12,14,19,23,24,25,25,27,39,45,46,46
7004894229,2,2,2,2,2,2,2,2,2,2,2,2,2,10,10,10,10,13,13,13,13,13,13,17,17,17
6602108621,4,4,4,4,4,4,4,4,4,4,4,4,4,4,8,8,8,8,8,12,12,12,12,12,12,12
7004188191,10,10,10,10,10,10,10,10,10,10,10,10,10,10,10,12,12,12,12,12,12,12,12,12,12,12
6701407995,1,1,1,1,1,1,1,1,1,1,1,1,1,1,1,1,5,5,8,8,8,8,8,8,8,8
6701546627,1,1,5,5,6,6,11,13,16,16,23,30,35,37,43,47,50,54,57,67,73,80,85,100,101,104
7004591075,2,2,4,4,6,6,6,6,6,6,6,6,6,6,6,6,6,6,6,6,8,8,11,11,11,11
7004330945,2,2,2,5,24,24,24,24,56,56,75,75,87,94,114,114,125,125,134,134,134,134,134,134,134,134
6507467709,2,2,2,2,2,2,2,2,2,2,2,2,2,2,2,2,2,2,2,2,2,2,2,2,2,2
26421685700,3,3,3,7,7,7,7,7,7,7,7,7,7,7,8,12,12,14,14,14,14,15,15,15,15,15
6603059057,1,3,4,6,6,6,6,10,10,10,10,10,10,10,10,10,10,10,10,10,10,10,10,10,10,10
7201400286,2,2,4,4,4,4,4,6,6,6,6,6,6,6,6,6,6,6,6,6,14,14,14,14,14,17
7004372565,1,3,3,3,3,3,5,5,5,5,5,5,5,5,5,5,5,5,5,5,5,5,5,5,5,5
24541358100,4,4,4,4,4,4,4,4,4,4,4,4,4,4,4,4,4,4,4,4,4,4,4,4,4,4
57203927130,1,1,1,1,1,1,3,3,3,4,4,4,4,4,19,19,20,25,25,28,28,31,32,39,47,48
7004062648,2,2,2,3,3,6,6,6,10,14,16,17,17,17,17,17,17,17,17,17,17,17,17,17,17,17
55916454000,2,2,2,2,2,2,2,2,2,2,2,2,2,2,2,2,2,2,2,2,2,2,2,2,2,2
6603285833,3,3,3,5,5,6,6,7,7,8,9,9,14,14,14,14,29,29,30,33,35,35,35,35,35,35
7102956563,2,2,2,6,6,6,6,6,6,6,6,6,6,6,6,6,6,6,6,6,6,6,6,6,6,6
7102109455,3,3,3,3,3,3,3,3,3,3,3,3,3,3,3,3,3,3,3,3,3,3,3,3,3,3
25947124300,1,1,1,1,6,6,6,6,10,10,10,10,10,10,10,10,10,10,10,10,10,10,10,10,10,10
7202368135,3,3,3,3,3,3,3,3,3,3,3,3,3,3,3,3,3,3,3,3,3,3,3,3,3,3
7003639803,2,2,20,22,24,25,25,29,33,33,35,39,39,46,51,55,56,56,56,56,58,58,58,58,63,66
7401585671,3,3,3,3,3,3,3,3,3,3,3,3,3,3,3,3,3,3,3,3,3,3,3,3,3,3
57206174940,4,4,8,8,8,8,8,8,8,8,8,8,8,8,8,8,8,8,8,8,8,8,8,8,8,8
7004605294,1,1,1,1,1,1,1,1,1,4,4,4,4,4,4,4,4,4,4,4,4,4,4,4,4,4
7003881087,4,4,4,4,4,4,4,4,4,4,4,4,4,4,4,4,4,4,4,4,4,4,4,4,4,4
55865144500,5,5,5,5,5,5,5,5,5,5,5,5,5,5,5,5,5,5,5,10,10,10,10,10,12,12
6603400922,2,2,2,2,2,2,2,6,6,6,6,6,6,6,6,11,11,11,11,11,11,11,11,11,11,11
56121762800,1,1,1,1,1,1,1,1,1,1,1,1,2,3,3,5,5,5,5,5,11,22,26,28,28,28
6701745374,2,2,2,2,2,2,2,2,2,2,2,2,3,4,4,5,11,12,15,15,15,17,18,21,21,25
6603182938,6,8,13,14,14,14,14,14,14,14,14,14,16,21,21,21,21,21,21,21,21,24,24,28,28,28
6603043687,4,4,7,8,10,10,10,10,10,10,10,14,14,14,22,27,27,31,31,31,31,31,31,31,31,31
7003875542,1,1,1,1,1,1,7,7,7,15,16,17,17,17,17,28,43,43,43,43,43,43,43,43,43,43
6507586691,2,2,2,2,2,2,2,2,2,2,2,2,2,2,2,2,2,2,2,2,2,2,2,2,2,2
6603757172,3,4,4,4,7,7,7,10,10,10,10,10,10,13,13,13,13,15,16,18,20,20,23,23,23,24
57205014876,5,7,7,7,7,7,9,9,10,12,12,14,23,23,25,25,25,26,26,26,26,29,36,40,40,41
6603016866,1,1,1,1,1,2,2,2,2,2,2,2,2,2,2,2,2,2,2,2,2,2,2,2,2,2
7003805528,4,4,4,4,4,4,6,6,6,6,6,11,11,20,23,23,28,28,31,41,41,41,41,41,46,47
7005078591,1,1,1,1,1,1,1,1,1,1,1,1,1,1,1,1,1,1,1,1,1,1,1,1,1,1
7003879552,6,6,6,8,10,10,10,10,11,12,12,12,15,19,19,29,29,32,34,38,38,38,40,41,46,48
55499364200,2,2,2,2,2,2,2,2,2,5,5,13,13,13,13,13,13,14,23,23,23,23,23,23,23,23
8901189100,1,1,1,1,1,1,1,1,1,1,1,1,6,6,6,6,6,6,6,6,6,6,6,6,6,6
6701395026,2,2,2,2,2,2,2,4,6,6,6,6,6,6,6,6,6,6,6,6,6,6,6,6,6,6
7003414629,5,5,5,5,5,5,5,5,5,5,5,5,5,9,9,9,9,9,9,9,9,9,9,9,13,16
6603191305,3,3,3,3,3,3,3,5,5,6,7,9,14,21,28,32,37,39,46,48,48,52,54,57,67,74
7003630736,6,6,8,8,8,8,8,8,8,8,8,8,8,8,8,8,8,8,8,8,8,8,8,8,8,8
55618730600,3,3,3,3,3,3,3,7,7,13,22,25,28,29,40,46,47,55,62,64,68,71,74,79,94,99
7103291399,2,3,3,3,4,6,8,8,11,13,15,17,22,24,24,31,32,37,41,44,48,51,51,52,53,53
57206461434,6,6,13,40,40,40,40,40,40,40,40,40,40,40,40,40,51,51,51,51,51,51,51,62,62,66
56052708900,2,2,2,2,2,2,2,2,2,2,2,2,2,2,2,2,2,2,2,2,2,2,2,2,2,2
6603955906,5,5,5,5,7,7,7,7,7,7,7,7,7,7,7,7,7,11,13,13,14,16,16,16,16,16
7404109572,1,1,6,8,8,8,8,8,8,8,8,8,8,8,8,8,8,8,8,8,8,8,8,8,8,8
6603234944,2,4,4,4,4,4,4,4,4,4,4,4,4,4,4,4,4,4,4,4,4,4,4,4,4,4
56627583500,2,2,2,3,3,3,3,3,3,3,4,4,4,4,4,4,4,4,4,4,4,4,4,4,4,4
6506565271,3,3,3,3,3,3,3,3,3,3,3,3,3,3,3,3,3,3,7,7,10,10,12,12,12,12
6701393993,1,1,3,3,3,3,3,3,3,3,3,3,3,3,3,3,3,3,3,3,3,3,3,3,3,3
25029638600,4,4,4,4,4,4,4,4,4,4,4,4,4,4,4,7,7,7,7,7,7,7,7,7,7,7
6507229947,1,1,1,1,1,1,1,1,3,3,3,3,3,3,5,5,5,5,6,6,6,6,6,6,6,7
57196818667,3,3,3,3,3,3,3,3,3,3,3,3,3,3,3,3,3,3,3,3,3,3,3,3,3,3
6602078884,1,1,1,1,3,3,3,3,6,7,7,9,9,9,9,9,9,9,9,9,9,9,9,9,9,9
6507306081,5,5,5,5,5,5,5,5,5,5,5,5,5,5,5,5,5,5,5,5,5,5,5,5,5,5
6603955725,1,1,1,1,1,1,3,5,5,6,7,8,10,17,17,22,22,22,22,22,22,22,22,22,22,22
7004321792,2,2,2,2,2,2,2,2,2,2,2,2,2,2,2,2,2,2,2,2,2,2,2,2,2,2
6602252094,1,1,1,2,2,2,4,5,5,5,9,9,10,10,19,19,19,19,21,23,23,24,26,28,30,32
6603334467,1,1,1,1,1,1,3,3,4,4,4,4,4,4,4,4,4,4,4,4,4,4,4,4,4,4
7003679075,7,8,8,10,14,16,17,17,18,19,20,20,20,20,20,20,20,20,20,20,20,20,20,20,20,20
6602513441,1,1,1,1,1,1,1,1,1,1,1,1,1,4,4,4,4,4,4,4,4,4,4,4,4,4
7402897007,4,4,4,4,4,4,4,4,4,4,5,5,5,5,5,5,5,5,5,5,5,5,5,5,5,5
7006731151,2,2,11,11,11,11,11,11,11,11,11,11,11,11,11,11,11,11,11,11,11,11,11,11,11,11
6602985306,1,1,1,1,1,1,1,1,1,1,1,1,1,1,1,1,1,1,1,1,1,1,1,1,1,1
6507921402,3,3,3,3,5,8,8,8,8,8,8,8,8,8,8,8,8,8,8,8,8,8,8,8,8,8
6603218614,1,4,4,4,4,4,7,7,7,13,13,13,13,13,13,13,13,13,13,13,13,13,13,13,13,13
6603781888,1,4,4,5,7,8,9,9,9,9,14,16,57,62,62,74,77,77,82,84,91,94,98,99,103,103
7103298116,6,6,6,6,6,6,6,6,6,6,6,6,6,6,6,6,6,6,6,6,6,6,6,6,6,6
56928442600,2,2,2,2,9,9,9,14,14,14,14,14,14,14,14,14,14,14,14,14,14,14,14,14,14,14
57204347509,2,2,2,2,2,2,2,2,2,2,2,2,2,2,2,2,2,2,2,2,2,2,2,7,7,7
56013826000,2,2,2,2,2,2,2,2,2,2,2,2,2,2,2,2,2,2,2,2,2,2,2,2,2,2
6506330908,4,4,4,4,4,4,4,4,4,4,4,4,4,4,4,4,4,4,4,4,4,4,4,4,4,4
6603729911,3,3,3,4,7,7,7,8,8,8,14,18,20,22,24,26,29,29,29,32,33,33,37,41,43,49
7003908742,6,6,6,6,6,6,6,6,6,6,6,6,6,6,6,6,6,6,6,6,6,6,6,6,6,6
7006248279,2,2,2,2,2,2,2,5,5,5,5,9,9,9,9,11,11,11,11,11,11,11,11,11,11,11
12790811200,7,7,7,7,7,10,11,11,11,13,16,16,16,16,16,16,16,16,16,16,16,16,16,16,16,16
6603389671,2,2,19,20,20,20,20,20,20,20,26,26,26,26,27,27,27,29,29,29,29,29,33,33,34,34
6602521295,2,2,2,2,2,2,2,2,2,2,2,2,2,2,2,2,2,2,2,2,2,2,2,2,2,2
7005948823,2,2,2,2,2,2,3,3,3,3,6,6,6,7,7,10,10,13,13,14,16,17,20,20,20,20
7202749787,4,4,4,4,4,4,4,4,4,4,4,4,4,4,4,4,4,4,4,4,4,4,4,4,4,4
6602751189,2,2,2,2,2,2,2,2,2,2,2,2,3,3,3,4,4,5,11,11,11,14,21,22,23,23
6603378922,1,1,1,1,2,2,4,4,4,5,5,5,9,11,14,15,36,36,37,39,43,50,53,57,63,67
56000270600,3,3,3,3,3,3,3,3,3,3,3,3,3,3,3,3,3,3,3,3,3,3,6,6,6,6
13306741700,1,1,1,1,4,5,5,5,5,5,5,5,5,5,5,5,5,5,5,5,5,5,5,5,5,5
55957117600,3,4,4,4,6,6,6,6,6,6,6,6,6,8,8,10,10,10,10,10,10,10,10,14,14,18
6701679486,1,2,2,2,2,2,2,2,3,6,6,6,6,6,6,6,6,6,6,8,14,15,15,15,24,24
57206488975,2,2,2,2,2,2,2,2,2,2,2,2,2,2,2,2,2,2,2,2,2,9,9,9,9,9
8306409700,3,3,3,3,3,3,3,3,3,3,3,3,3,3,7,7,11,12,18,22,31,38,46,46,46,46
7004028111,6,6,6,6,6,6,6,6,6,6,6,6,6,6,6,6,9,11,12,14,14,16,17,17,19,22
6602801251,4,8,12,12,15,15,15,15,15,15,15,15,15,15,15,15,15,15,15,15,15,15,15,15,15,15
6701372281,1,1,1,1,1,1,1,1,1,1,1,1,1,1,1,1,1,1,2,2,7,7,9,9,9,9
6602336566,2,2,4,5,10,11,11,11,11,11,11,11,11,11,11,11,11,14,16,16,16,16,16,16,16,16
57197025819,1,1,1,8,8,12,12,16,16,16,17,18,20,23,23,25,26,28,33,39,46,46,54,54,64,66
6603669371,2,2,2,2,2,2,3,3,3,3,3,3,3,3,3,3,3,3,3,3,3,3,3,3,3,3
6603499498,1,1,2,2,2,2,2,2,2,2,2,2,2,2,2,2,2,2,2,2,2,2,2,2,2,2
7103251002,1,1,3,3,3,3,3,3,5,5,5,7,7,7,7,7,7,7,7,7,7,7,7,7,7,7
6701848915,3,4,6,6,6,9,11,11,11,15,15,17,17,17,17,17,18,18,18,19,19,19,20,20,20,20
7402667089,2,4,5,7,9,10,11,11,11,11,11,11,13,13,13,13,13,14,15,15,17,17,17,17,17,17
57204645023,4,4,4,4,4,4,4,4,4,4,4,9,9,9,9,9,9,9,9,9,9,9,9,9,9,9
6505478107,3,3,3,3,3,3,3,3,3,3,3,3,3,3,3,3,3,3,3,3,3,3,3,3,3,3
6603596352,1,4,6,9,9,10,10,11,11,12,14,14,17,22,27,32,39,39,48,48,51,62,66,79,83,87
6602090161,1,1,1,27,31,37,39,41,41,45,50,54,78,87,90,103,108,122,131,132,133,135,135,135,145,151
7005800331,2,2,2,5,5,5,5,5,5,9,9,9,9,9,9,9,9,17,17,17,17,17,17,17,19,19
6602649752,1,1,1,1,1,1,1,1,1,1,1,1,1,1,1,1,1,1,1,1,1,1,1,1,1,1
6701631829,2,2,2,2,2,2,2,2,2,2,2,2,2,6,14,14,14,14,14,21,23,28,31,31,31,36
6507526792,2,2,2,2,2,3,3,3,3,3,3,3,3,3,3,3,3,3,3,3,3,3,3,3,3,3
6602972854,2,3,3,3,4,4,4,6,6,6,6,7,7,10,15,16,37,37,45,47,51,52,53,53,58,58
6603710045,6,12,16,16,16,20,24,27,34,34,37,37,37,40,40,40,44,45,49,53,53,53,54,55,55,56
6603999239,2,2,5,5,5,5,5,8,8,8,11,11,11,11,11,14,14,14,16,16,16,16,16,16,16,16
6506989787,1,1,1,1,1,1,1,1,1,1,1,1,4,4,10,11,11,11,11,11,11,11,11,11,15,15
6603391861,3,3,8,12,13,13,13,13,15,17,17,18,19,19,21,23,27,29,32,32,34,34,34,34,34,34
7006584549,7,7,7,7,7,7,7,7,7,7,7,7,7,7,7,7,7,7,7,7,7,7,7,7,7,7
35561886200,1,1,1,2,5,5,6,6,6,8,9,9,10,11,12,12,15,16,16,16,16,18,18,19,19,20
7005618773,4,5,5,7,7,7,7,7,7,7,7,7,7,7,7,7,7,31,31,31,31,31,31,31,31,31
7003311826,4,7,7,7,10,10,20,26,27,28,28,28,28,28,29,41,44,45,45,52,52,52,52,52,52,52
7003439258,6,7,7,9,9,9,9,9,9,9,9,9,9,9,9,9,9,9,9,9,9,9,9,9,9,9
7003451196,4,11,11,15,18,23,23,24,24,28,29,29,49,67,67,68,72,72,72,74,77,83,83,115,120,153
15136092800,3,3,3,6,8,8,9,9,11,14,14,14,16,27,27,27,28,29,32,39,46,52,62,65,68,71
6602680562,2,2,2,2,2,3,6,7,7,8,9,10,12,13,16,20,21,25,29,34,35,37,37,37,40,46
6604060877,2,2,2,2,2,2,2,8,11,11,11,11,11,11,11,11,11,11,11,11,11,11,11,11,11,11
7005040713,1,2,3,6,6,7,7,7,7,7,12,15,15,15,16,16,16,20,24,24,30,30,61,70,74,76
35547891600,4,9,9,9,9,9,9,9,9,9,9,9,9,9,9,9,9,9,9,9,9,9,9,9,9,9
6507182803,1,1,1,1,1,1,1,1,1,1,1,1,1,1,1,1,1,1,1,1,1,1,1,1,1,1
56614369700,2,3,3,3,6,9,9,9,10,10,10,10,10,10,10,10,10,10,13,13,13,13,13,13,13,13
7005860143,8,10,12,13,16,18,22,23,27,29,36,36,36,39,45,45,50,52,55,62,62,62,62,62,62,62
55888165100,3,3,5,5,5,5,5,9,14,16,20,20,23,23,29,33,39,44,50,56,57,62,70,74,78,81
7006394924,4,4,4,4,4,4,4,4,4,4,4,4,4,4,4,4,4,4,4,4,4,4,4,4,4,4
56257109300,1,1,1,1,1,1,1,1,1,1,1,1,1,1,1,1,1,1,1,1,1,1,1,1,1,1
7003616231,2,2,4,6,9,11,11,18,30,35,39,39,39,46,51,51,51,52,59,70,73,73,73,77,83,83
7006842938,2,2,2,3,4,4,6,8,8,8,8,8,8,10,11,12,16,19,19,19,19,19,19,19,19,19
57188794834,3,3,3,3,3,3,3,3,3,3,3,3,3,3,3,3,3,3,3,3,3,3,3,3,3,3
35610562700,4,4,4,7,7,10,10,10,10,10,10,10,10,10,10,10,10,10,10,10,10,10,10,10,10,10
7003357496,4,4,4,4,4,4,4,4,4,4,4,4,4,4,4,4,4,4,4,4,4,4,4,4,4,4
6603940451,1,1,2,2,3,3,3,3,3,3,3,3,3,3,3,3,3,3,3,3,3,3,3,3,3,3
7004970385,5,5,7,9,9,9,9,9,9,9,14,14,18,20,20,22,26,27,27,30,30,37,37,37,37,38
6603169063,2,2,2,2,2,2,2,2,2,2,2,2,2,2,2,2,2,2,2,2,2,2,2,2,2,2
6603075510,1,3,4,4,4,5,5,5,5,5,5,5,5,5,5,5,5,5,5,5,5,5,5,5,5,5
6603260251,1,1,1,1,1,1,1,1,1,1,1,1,1,1,1,1,1,1,1,1,1,1,1,1,1,1
6603935191,1,5,8,11,11,11,11,11,11,11,11,11,11,11,11,11,11,11,11,11,11,11,11,11,11,11
55882869800,3,3,3,3,3,3,3,3,3,3,3,3,3,3,5,9,9,10,11,12,12,12,12,12,12,12
6505949330,3,3,3,3,3,3,3,3,3,3,3,3,3,3,3,3,3,3,3,3,3,3,3,3,3,3
7004152293,2,2,2,2,2,2,2,2,2,2,2,2,50,50,50,50,50,50,50,50,50,53,53,62,62,62
7005711173,3,3,3,3,3,3,3,3,3,3,3,3,3,3,3,6,6,6,6,6,6,6,6,6,6,6
6602710610,3,3,3,4,4,6,6,6,9,10,10,21,21,21,26,26,31,31,31,31,31,31,31,31,31,31
36897130200,7,7,7,7,7,7,7,7,7,7,7,7,7,7,7,7,7,7,7,7,7,7,7,7,7,7
7004653098,1,1,1,1,1,1,1,1,6,6,6,6,6,6,6,6,8,8,8,9,9,9,9,9,16,16
6505485382,2,2,2,2,2,2,2,2,2,2,2,5,6,8,9,10,11,11,13,15,28,35,40,46,51,51
6603718714,2,2,2,2,2,2,2,6,6,6,7,7,7,11,11,11,13,13,15,16,16,16,16,18,18,22
7006164850,2,2,2,2,8,8,9,9,9,9,9,9,9,17,17,17,17,17,17,17,17,17,17,17,17,17
6602222142,1,1,1,1,1,1,1,1,1,1,1,1,1,1,1,1,1,1,1,1,1,1,1,1,1,1
6507635319,4,4,4,4,4,4,4,4,4,4,4,4,4,4,4,4,4,4,4,4,4,4,4,4,4,4
57199536444,3,3,3,3,3,3,3,3,3,3,3,3,3,3,3,3,3,3,3,3,3,3,3,3,3,3
6603069070,4,4,4,4,4,4,4,4,4,4,4,4,4,4,4,4,4,4,4,4,4,4,4,4,4,4
6507968728,1,1,1,1,1,1,1,1,1,1,1,1,1,1,1,1,1,1,1,1,1,2,2,2,2,2
57198726737,3,3,3,3,3,3,3,3,3,3,3,3,3,3,3,3,3,3,3,3,3,3,3,3,3,3
6507924445,2,2,2,2,2,2,2,2,2,2,2,2,2,2,2,2,2,2,2,2,2,2,2,2,2,2
56538423100,4,4,4,7,16,19,19,22,22,22,22,22,22,22,22,25,25,25,25,25,25,25,25,25,25,25
6603187635,2,2,2,2,2,3,3,5,6,8,8,8,8,8,8,10,10,10,10,12,12,15,15,19,19,19
6505786280,2,2,2,2,2,2,2,2,2,2,2,3,3,3,3,3,3,3,4,4,4,4,4,4,4,4
7004970075,2,2,2,2,6,6,6,6,6,9,9,12,14,14,14,17,19,19,19,21,21,21,23,23,23,23
6603813335,2,3,4,5,5,5,6,6,10,10,13,16,19,21,24,31,31,33,37,40,40,40,40,40,40,40
6602124049,12,12,12,12,12,12,12,12,12,12,12,12,12,12,12,12,12,12,12,12,12,12,12,12,12,12
7003496131,2,4,7,7,7,9,9,9,14,14,22,32,32,32,37,37,43,43,43,43,43,48,48,50,50,54
7006168241,5,8,8,8,8,8,13,13,13,13,13,13,13,13,13,18,18,18,18,18,21,21,26,26,26,26
7101964302,12,12,12,12,12,12,12,12,12,12,12,12,12,12,12,12,12,12,12,12,20,20,20,20,20,20
6506719820,3,3,3,3,3,3,3,3,3,3,3,3,3,3,3,3,3,3,5,5,5,5,5,5,12,12
6507521934,7,7,7,7,18,18,18,18,18,18,18,18,18,18,18,18,18,18,18,18,18,18,18,18,18,18
6603400983,3,3,3,3,3,3,3,3,3,3,3,3,3,3,3,3,3,3,3,3,3,3,3,3,3,3
7003442665,1,1,1,6,6,6,6,6,8,12,13,16,20,25,26,31,36,60,68,72,80,85,86,87,92,96
6603956484,7,17,18,18,18,23,27,27,29,29,31,31,31,34,34,39,40,42,43,48,48,50,53,53,53,58
7004819048,3,4,4,6,12,16,21,28,31,35,36,40,42,47,52,52,59,67,68,69,69,70,91,93,101,101
57193538371,2,2,2,2,2,2,2,2,7,7,7,7,7,9,9,9,9,9,9,9,9,9,9,9,9,9
6602394203,2,2,2,2,2,2,2,5,9,9,9,9,9,9,9,9,9,9,9,9,9,9,9,9,9,9
7006616178,4,4,4,4,4,4,4,4,4,4,4,9,9,9,9,9,9,9,9,9,9,9,9,9,9,9
7004087024,10,10,10,10,14,14,14,14,14,14,14,14,14,14,14,14,14,14,14,14,14,14,14,14,14,14
7006699598,2,4,16,16,19,20,20,20,36,36,44,53,53,72,78,78,79,79,79,79,79,79,79,79,79,79
6701507274,1,3,3,3,4,4,4,5,8,8,10,10,12,13,13,15,20,24,24,25,25,25,25,25,25,25
55665422500,2,2,2,2,2,2,2,2,2,2,2,2,2,2,2,2,2,2,2,2,2,2,2,2,5,5
7003973768,1,1,1,1,1,4,4,7,7,7,7,7,7,7,7,8,8,8,8,8,9,10,10,10,10,10
8274728700,2,2,2,2,2,2,2,6,6,9,12,12,12,12,12,15,15,15,18,19,19,20,23,27,27,28
35606836200,2,2,2,2,2,2,2,2,3,3,3,3,3,5,5,5,6,6,9,9,15,15,15,15,15,15
6701744434,2,4,4,7,7,10,10,12,12,14,17,17,17,17,17,18,21,25,25,27,35,35,38,43,43,43
7007079011,2,2,2,2,2,2,2,2,2,2,2,2,2,2,2,2,2,2,2,2,2,2,2,2,2,2
7005348606,3,3,3,5,5,5,9,11,12,12,12,12,12,12,12,12,12,12,12,12,12,12,12,12,12,12
57199679309,2,2,2,2,2,2,2,2,2,2,2,2,2,2,2,2,2,2,2,2,2,2,2,2,2,2
16492668000,1,1,2,2,2,2,2,2,2,2,2,2,3,3,3,3,3,3,3,3,3,3,3,3,3,3
7005130073,1,1,1,1,1,1,1,1,1,1,1,1,1,1,1,1,1,1,1,1,1,1,1,1,1,1
7006246037,1,1,1,1,1,1,2,2,2,2,2,2,2,2,2,2,2,2,2,2,2,2,2,2,2,2
7401488323,1,1,1,1,2,2,2,2,4,4,4,4,4,4,4,4,4,4,4,4,4,4,4,4,4,4
14042188400,4,4,4,4,4,4,4,4,4,9,11,11,11,11,14,14,14,14,14,14,14,14,14,14,14,14
7004257603,6,6,6,6,6,6,6,6,6,6,6,6,6,6,6,6,6,6,6,6,6,6,6,6,6,6
24755905500,1,1,1,1,1,3,3,3,3,3,3,3,3,3,3,3,3,3,3,3,3,3,3,3,3,3
6701419521,3,3,4,4,4,4,4,10,10,13,20,20,20,20,23,23,23,27,27,27,27,27,27,27,27,27
6602193886,8,8,8,8,8,8,8,8,8,8,8,8,8,8,8,8,8,8,8,8,8,8,8,8,8,8
6601967984,1,2,2,2,2,2,2,2,2,3,3,3,3,3,3,3,3,3,3,3,3,3,3,3,3,3
6603611069,2,2,2,2,2,2,2,2,2,2,2,2,2,2,2,2,2,2,2,2,2,2,2,2,2,2
7006553897,3,3,3,3,3,3,3,3,3,3,3,3,3,3,3,3,3,3,3,3,3,3,3,3,3,3
7004173462,7,7,7,7,15,15,15,15,15,15,15,15,15,15,15,15,15,15,15,15,15,15,15,15,15,15
6603421217,2,2,2,2,2,2,2,5,5,5,5,5,5,5,5,8,8,10,12,12,12,12,12,12,12,12
7005681154,3,7,7,8,8,10,10,10,10,12,12,12,12,12,12,12,12,12,12,12,12,12,12,12,12,12
56618086000,2,2,4,4,4,4,6,6,6,6,6,6,6,6,6,6,6,6,6,6,6,6,6,6,6,6
7003617893,3,3,3,3,3,3,3,3,3,3,3,3,3,3,5,5,6,6,7,7,7,7,7,7,7,7
7202911232,4,4,4,6,6,6,6,6,8,8,8,8,8,8,8,8,8,8,8,8,8,8,8,8,8,8
6603749128,3,3,4,4,4,4,6,6,6,6,6,6,6,6,6,6,6,6,6,6,6,6,6,6,6,6
8902913600,1,2,4,4,4,4,5,6,6,8,10,10,13,13,13,13,13,13,16,16,16,16,16,16,17,17
7006522680,1,1,1,1,1,1,1,1,1,9,9,9,10,10,10,10,10,10,10,10,10,10,10,10,10,10
56250780600,3,3,3,3,3,3,3,3,3,3,3,3,3,3,3,3,3,3,3,3,3,3,3,3,3,3
6508370317,2,2,2,2,2,4,6,6,6,7,7,10,10,10,10,10,10,11,11,12,13,13,13,13,14,16
7004243811,1,1,1,1,1,1,1,5,5,5,5,5,5,5,5,5,5,5,5,5,5,5,5,5,5,5
7003491845,6,6,6,6,6,11,11,11,11,11,11,11,11,11,20,20,20,20,29,29,29,29,29,29,29,29
7004193339,3,3,3,3,3,3,3,3,3,3,3,3,3,3,3,3,3,3,3,3,3,3,3,3,3,3
16304664700,2,2,2,2,5,5,5,7,8,14,14,16,16,16,17,19,22,22,29,30,32,36,43,49,52,65
36894935700,6,6,6,6,6,6,6,6,6,6,6,6,6,6,6,6,6,6,6,6,6,6,6,6,6,6
6603145369,4,4,4,4,4,4,4,4,4,4,4,4,4,4,4,4,4,4,4,4,4,4,4,4,4,4
6506641467,3,3,3,3,3,3,6,6,9,9,9,18,18,18,18,18,18,18,18,18,18,18,18,18,18,18
36943380900,2,2,2,2,2,2,2,2,2,2,2,3,3,3,3,3,3,3,3,3,3,3,3,3,3,3
36081932400,4,4,4,4,4,4,4,4,4,4,4,4,4,4,4,4,12,12,12,12,12,12,12,12,12,12
7006435943,1,1,1,3,6,6,6,6,6,6,6,6,6,6,6,6,6,6,6,6,6,6,6,6,6,6
6508165379,1,1,1,1,1,1,1,1,1,4,5,5,6,6,6,6,7,8,9,9,9,11,11,11,11,11
7102894057,6,6,6,6,6,6,6,6,6,6,6,12,12,12,15,15,15,15,15,15,15,15,15,15,15,15
6602832879,4,5,6,7,7,7,8,10,10,15,16,16,19,20,21,21,21,23,23,23,25,27,31,32,35,36
6603502644,1,1,1,1,2,2,3,3,3,3,5,5,8,11,11,13,16,19,25,35,45,47,52,59,66,78
6603908050,1,1,1,1,1,1,1,1,1,1,1,1,1,1,1,1,1,1,1,1,1,1,1,1,1,1
7102863587,2,2,6,6,6,6,6,6,6,6,8,9,12,12,12,12,12,12,12,13,13,14,14,14,14,14
14007276900,3,3,3,3,5,5,5,8,8,8,9,10,11,11,14,14,16,17,20,23,33,35,39,39,39,40
7201630168,3,3,5,6,6,6,6,6,6,6,6,6,6,6,6,6,6,6,6,9,9,9,11,11,13,13
6506457956,1,1,1,1,2,2,2,2,2,2,2,2,2,2,2,2,2,2,2,2,2,2,2,2,2,2
6701408559,1,2,2,2,2,2,3,3,4,4,4,4,4,4,4,4,4,6,7,12,13,13,13,14,14,14
6507227110,3,4,4,4,4,4,4,4,4,4,4,4,4,4,4,4,4,4,4,4,4,4,4,4,4,4
7004139328,4,5,5,7,7,8,9,11,11,11,11,12,13,13,28,31,35,36,38,43,47,51,51,55,55,58
7003733332,5,5,5,5,5,9,9,9,9,11,11,11,11,11,11,11,15,15,15,15,15,15,15,15,17,17
6507555330,1,1,2,2,2,2,2,2,2,2,2,4,4,4,4,4,4,4,4,4,4,4,4,4,4,4
6602891591,2,9,9,10,10,11,11,11,11,11,11,11,11,11,11,11,11,11,11,11,11,11,11,11,11,11
7003719349,3,3,3,3,4,7,7,8,9,10,11,11,11,11,11,11,12,13,13,15,37,37,37,37,37,37
56021654600,3,3,3,5,7,7,7,10,10,10,10,13,13,13,13,17,17,19,19,20,22,24,24,24,26,29
56488383400,2,2,2,2,2,2,2,2,2,2,2,2,2,2,2,2,2,2,2,2,2,2,2,2,2,2
6701375046,3,3,4,4,4,12,12,15,15,17,19,21,21,21,21,21,21,21,21,22,22,22,27,30,36,36
36913970300,1,1,1,1,1,1,1,1,1,1,1,1,1,1,1,1,1,1,1,1,1,1,1,1,1,1
6603208025,2,2,2,2,2,2,2,2,2,2,2,2,2,2,2,2,2,2,2,2,4,4,4,4,6,6
56265795800,3,3,3,3,3,3,3,3,3,3,3,3,3,3,3,3,7,7,7,7,7,7,7,7,7,7
57077091300,5,5,6,7,7,7,9,9,9,11,11,11,12,14,14,14,18,22,23,27,28,31,31,33,34,36
6602556107,2,3,3,3,3,3,3,3,3,3,3,3,3,3,3,3,3,3,3,3,3,3,66,66,66,66
7004146986,6,6,6,6,6,7,7,7,7,7,7,7,7,7,7,7,7,7,7,7,7,7,7,21,21,21
55944050300,3,3,3,3,3,3,3,3,3,3,3,3,3,3,3,5,5,8,8,8,10,10,10,10,10,10
55666684900,2,3,6,9,9,12,16,17,20,24,26,26,28,31,32,34,35,39,44,48,49,52,55,56,57,60
7003516381,4,4,4,4,5,5,5,5,5,5,9,9,9,9,9,9,9,9,9,12,12,12,12,12,12,12
6603569657,2,2,2,2,2,2,2,2,2,2,2,2,2,2,2,2,2,2,2,2,2,2,2,2,2,2
8399123200,1,3,3,3,3,3,3,3,3,3,3,3,3,3,3,3,4,4,4,4,5,5,5,5,5,5
7004525303,4,4,4,4,5,5,5,5,5,5,10,12,21,21,21,21,24,24,24,31,31,31,31,31,31,48
7801378099,1,2,2,2,2,2,2,2,2,4,4,4,4,4,6,6,6,6,6,11,14,16,16,16,17,17
7801624573,3,3,3,3,3,3,3,3,3,3,3,3,3,3,3,3,3,3,3,3,3,3,3,3,3,3
57204350051,3,3,3,3,3,3,3,3,3,3,3,3,3,3,3,3,3,3,3,3,3,3,3,3,3,3
7007086489,2,2,2,2,2,2,2,2,5,5,5,5,5,5,5,5,5,5,5,5,5,5,5,5,5,5
7103145736,3,3,3,3,3,3,3,3,3,3,3,3,3,3,6,6,6,6,9,9,9,16,16,17,18,21
57198317005,4,5,5,5,5,5,5,5,5,5,5,5,5,5,5,5,5,5,5,5,5,5,5,5,5,5
6603943415,3,3,4,4,4,4,4,6,6,6,6,6,6,6,6,6,6,6,6,6,6,6,6,6,6,6
56022618600,1,2,2,2,2,4,6,8,8,10,10,10,13,14,16,32,35,52,66,93,93,93,95,95,100,104
35311199100,2,2,2,2,2,2,2,2,2,2,2,6,6,6,11,14,25,38,38,42,52,52,62,69,69,73
6602415777,3,3,3,3,3,5,5,5,5,8,8,8,8,8,8,8,11,11,12,12,12,12,12,12,12,12
7102480077,3,3,3,3,3,3,3,3,3,3,3,3,3,3,3,3,3,3,3,3,3,3,3,3,3,3
6504391751,1,1,1,1,1,1,2,2,2,2,2,2,2,2,2,2,2,2,2,2,2,2,5,5,5,5
7004936292,3,10,10,13,17,23,26,26,27,29,29,32,36,50,53,63,74,80,85,86,89,91,98,107,118,121
7801342487,2,2,2,2,2,2,2,4,4,4,4,4,4,4,4,4,4,4,4,4,4,4,4,4,4,4
6603543380,3,3,6,8,8,8,8,8,8,8,8,8,8,11,11,13,13,13,13,13,13,18,28,28,37,37
6508146710,2,2,3,3,5,5,5,7,7,7,9,9,9,9,9,9,11,13,13,13,13,13,13,13,13,13
7003848112,3,3,4,6,11,11,11,11,11,11,15,15,15,15,15,15,15,15,15,15,15,15,15,15,15,15
6602436107,3,3,3,3,3,3,3,3,3,3,3,3,3,3,3,3,3,3,3,3,3,3,3,3,3,3
55576188000,2,2,2,3,3,3,7,7,9,10,10,10,10,11,11,11,19,26,28,31,34,35,37,39,54,56
7004994424,3,3,3,3,3,3,3,3,3,3,3,3,3,3,3,3,3,3,3,3,3,3,3,3,3,3
6601972872,3,4,4,4,4,4,7,8,15,20,22,24,28,36,38,61,66,70,83,103,118,135,147,160,180,190
6506769284,1,3,3,3,3,3,3,3,3,3,3,8,8,8,8,8,8,8,18,20,22,22,22,22,22,27
6603821009,2,2,3,3,4,4,4,7,7,7,7,7,7,7,7,7,7,7,7,7,7,7,7,7,7,7
6602778578,1,1,3,3,3,3,3,3,7,7,10,10,11,12,14,15,15,18,19,19,32,32,33,33,36,37
8693244600,3,3,3,4,5,5,5,6,9,9,11,11,12,13,16,20,24,26,29,29,29,30,30,30,30,30
56053797200,2,2,2,5,5,5,5,6,6,7,9,9,10,10,13,13,13,13,19,22,24,24,25,25,25,25
56045528800,1,2,2,2,2,2,2,2,2,2,3,3,3,3,7,7,7,7,7,7,7,7,7,7,7,7
55935194600,3,5,5,7,9,9,9,12,15,25,30,31,31,34,34,34,34,34,34,34,34,34,34,34,34,34
57197665482,1,1,1,1,1,1,1,1,1,1,1,1,1,1,1,1,1,1,1,1,1,1,1,1,1,1
55893332700,5,5,5,5,5,5,5,5,5,5,5,5,5,5,5,5,5,5,8,8,8,8,8,8,8,8
7004086878,1,2,2,5,6,6,6,6,6,9,9,9,10,14,22,28,34,37,38,39,42,44,44,47,52,53
6602256044,3,4,4,4,4,4,4,4,4,4,4,4,4,4,4,4,4,4,4,4,4,4,4,4,4,4
6508351928,1,1,1,1,1,3,3,3,3,3,5,7,8,10,10,10,13,13,15,15,15,18,22,22,31,31
24725091300,3,3,3,5,5,5,5,5,5,5,5,5,5,5,5,5,5,6,6,6,6,6,6,6,10,16
6602576208,1,1,1,1,1,1,1,1,1,1,1,1,1,1,1,1,3,3,3,3,3,3,5,9,13,16
7005521910,2,2,2,4,4,4,4,8,8,10,10,10,10,10,10,10,10,10,10,10,10,10,13,13,13,13
6507425242,1,1,1,1,1,1,1,1,1,1,1,1,1,1,1,1,1,1,1,1,1,1,1,1,1,1
7402566442,6,6,13,40,40,40,40,40,40,40,40,40,40,40,40,40,40,40,40,40,40,40,40,40,40,40
7006104981,3,3,3,3,3,3,3,3,3,3,3,3,3,3,3,13,13,13,13,13,13,13,13,13,13,13
7202018091,2,2,2,2,2,2,2,2,2,2,2,2,2,2,2,2,2,2,2,2,2,2,2,2,2,2
6602715085,5,6,6,6,6,7,7,7,7,9,9,9,10,10,10,12,19,21,23,28,30,33,33,34,41,41
7404344990,1,1,1,1,9,9,11,11,13,14,17,19,19,19,32,36,46,51,53,60,65,65,68,74,75,87
6508051556,3,3,3,3,3,3,3,3,3,3,3,3,8,8,8,9,12,17,21,22,22,23,23,23,24,25
6507627081,3,7,7,7,7,7,7,7,7,7,7,7,7,7,7,7,7,7,7,7,7,7,7,7,7,7
7006317722,1,1,1,1,2,2,2,2,2,2,2,2,2,2,2,2,2,2,2,2,2,2,2,2,2,2
6701559693,1,2,2,4,5,5,5,5,8,9,11,11,13,14,15,16,16,17,17,17,17,17,17,17,17,17
6602847168,7,7,10,10,15,15,15,15,15,15,15,15,15,15,15,15,15,15,15,15,15,15,15,15,15,15
7102879228,3,5,5,5,5,5,5,6,9,18,28,34,41,58,64,73,73,73,73,73,73,73,73,73,73,73
6602834086,4,6,6,6,6,6,6,8,9,10,10,10,10,11,11,12,15,15,15,15,15,16,24,29,33,33
6603151873,3,4,4,4,5,5,5,5,5,5,5,5,5,5,5,5,5,5,5,5,5,5,5,5,5,5
8964775400,1,1,1,4,4,4,4,4,4,4,4,4,4,4,4,4,4,4,4,4,4,4,4,4,4,4
6603543652,2,2,4,7,7,7,7,7,11,11,11,12,13,16,18,20,21,25,25,25,25,25,28,28,31,33
6602469080,2,4,4,4,4,4,4,4,4,4,6,7,7,7,7,10,12,15,18,18,20,20,29,29,33,38
6601991415,2,2,2,3,3,4,4,4,4,4,4,4,4,4,4,6,6,7,8,12,15,15,15,18,18,18
55725644000,1,1,3,5,5,5,5,6,6,6,6,7,8,8,9,9,9,9,15,17,17,17,17,17,17,19
6601982185,2,2,2,2,2,2,2,2,2,2,2,2,2,2,2,2,2,2,2,2,2,2,2,2,2,2
6701857546,2,2,3,3,3,3,3,3,3,3,3,3,6,6,10,20,49,70,83,112,117,120,123,125,126,128
6601908723,2,2,3,3,3,4,5,5,5,5,5,6,6,7,18,18,30,47,48,77,83,89,91,91,93,93
24306411600,2,2,2,2,2,2,2,2,2,2,2,2,2,2,2,2,2,2,8,8,8,8,8,8,8,8
6507912166,2,2,2,4,4,4,4,4,4,4,6,8,8,8,8,8,8,8,8,8,8,8,8,8,8,8
6602251560,2,2,2,2,2,2,2,2,2,2,4,4,4,4,4,4,4,4,4,5,5,5,5,5,5,5
7004082434,2,2,2,2,2,2,2,2,2,2,5,5,5,5,5,5,5,5,7,7,7,7,7,7,7,7
7202759157,5,8,8,8,8,8,13,17,17,17,17,17,17,17,17,28,40,49,58,61,61,61,64,64,64,64
6508127693,6,6,6,6,6,6,6,6,6,6,6,6,6,6,6,6,6,6,6,6,6,6,6,6,6,6
7003610807,3,3,3,3,3,3,3,3,5,5,5,5,5,7,7,9,9,10,18,18,18,25,25,25,30,33
56203973800,2,2,2,2,2,2,2,6,6,7,7,7,7,7,7,9,9,9,9,10,10,10,10,10,10,10
7403160676,3,3,3,3,3,3,3,3,3,3,3,3,3,3,3,3,3,3,4,4,4,4,4,4,4,7
35508472200,6,6,6,6,19,19,25,27,32,33,34,34,38,38,39,44,44,46,61,61,61,67,74,74,78,78
6507481227,1,1,1,1,1,1,1,1,1,1,1,1,1,1,1,1,1,1,1,1,1,1,1,1,1,1
6603782234,3,3,3,3,3,3,3,3,3,3,3,3,3,3,3,3,3,3,3,3,3,3,3,3,3,3
55952841800,1,4,7,8,8,11,11,11,11,11,11,11,11,11,11,11,11,11,11,11,11,11,11,11,11,11
7006332012,7,7,7,7,15,15,15,15,15,15,15,15,15,15,15,15,15,15,33,33,61,61,64,64,64,64
57189985564,6,6,6,8,13,13,22,24,33,39,45,45,49,58,64,74,74,81,85,85,85,87,95,125,131,131
6603656464,2,2,2,2,4,4,4,4,4,6,12,12,12,12,12,12,12,12,12,12,15,15,15,15,25,25
7003688546,3,3,3,3,9,9,10,10,10,10,10,10,10,14,15,16,16,16,16,16,16,16,16,16,16,16
6504467905,4,4,4,4,4,4,4,4,4,4,4,4,4,4,4,4,4,4,4,4,4,4,4,4,4,4
55883882100,1,1,1,1,1,1,1,1,1,1,1,1,1,1,5,5,5,5,5,5,5,5,5,5,5,5
6603269579,1,1,1,1,3,3,4,4,7,10,10,10,11,11,12,12,12,12,14,14,14,15,15,15,15,15
6602080550,1,1,1,1,1,1,2,2,2,2,2,2,2,2,2,2,2,2,2,2,2,2,2,2,2,2
6603068512,1,4,5,5,6,6,6,6,6,6,9,18,18,18,18,18,18,18,18,18,18,18,18,18,18,18
7006284844,7,7,7,7,7,7,13,13,13,13,13,13,13,13,13,13,13,13,13,13,13,13,13,13,13,13
6602922022,2,2,2,2,2,2,2,2,2,3,4,4,4,8,8,13,13,15,17,17,18,19,19,19,22,25
7003324934,2,2,2,2,2,2,2,2,2,9,19,19,19,23,23,23,23,23,23,23,23,23,23,23,23,23
6602461780,1,1,5,5,5,5,5,5,5,5,5,5,5,5,5,5,5,5,5,5,5,5,5,5,5,5
7101840401,7,7,7,7,9,9,9,9,9,9,9,9,9,9,9,9,9,9,9,9,9,9,9,9,9,9
6507100316,2,2,2,8,13,13,13,17,18,18,18,18,18,18,18,18,18,18,18,18,18,18,18,18,18,18
56204007000,1,1,1,2,3,3,3,3,3,3,3,3,3,3,3,3,3,3,3,3,3,3,3,3,3,3
7003871651,1,1,1,1,1,1,1,1,1,1,1,1,1,1,1,1,1,1,1,1,1,1,1,1,1,1
55775330900,3,3,3,3,3,3,3,3,3,3,3,3,3,3,3,3,3,3,6,6,6,6,6,6,6,6
57199282286,4,4,4,4,4,4,4,4,4,4,4,4,4,4,4,4,4,4,4,4,4,4,4,4,4,4
7004594412,5,5,5,5,6,7,13,16,16,20,20,20,24,25,25,25,25,25,28,28,28,28,30,30,30,30
24760864200,3,3,3,3,8,12,12,12,12,12,12,14,19,19,19,19,19,19,19,19,19,19,19,19,19,19
7402623969,7,7,7,7,7,7,7,7,7,13,13,13,29,29,29,29,29,29,29,29,29,29,29,29,29,29
56418276100,2,2,2,2,2,2,2,2,2,2,6,6,6,6,9,13,13,13,13,13,13,13,13,13,13,13
16551992400,6,6,6,6,6,6,6,6,6,8,8,8,8,8,11,11,11,11,11,11,11,12,12,12,13,15
6508204654,2,2,2,2,2,2,2,2,2,2,2,2,2,2,2,2,2,2,2,2,2,2,2,2,2,2
6701518311,3,3,3,3,3,3,3,3,3,3,3,3,3,3,3,3,3,3,3,3,3,3,3,3,3,3
6602540262,1,1,3,3,3,3,4,4,6,13,13,16,19,19,26,31,34,36,39,39,39,39,39,39,39,39
6602779580,1,1,1,1,1,1,1,1,1,1,1,1,1,1,3,3,6,6,8,8,9,9,9,9,9,11
6602401441,2,2,2,4,4,4,4,5,5,5,17,19,22,25,26,28,28,28,28,28,28,28,28,28,28,28
6701632030,7,7,7,7,7,7,7,7,7,7,7,7,7,7,7,7,7,7,7,7,7,7,7,7,7,7
6701725548,3,3,6,14,17,17,22,22,26,26,26,27,28,31,36,38,40,41,43,52,54,59,62,65,65,66
7202756203,2,2,2,3,3,3,3,3,3,3,3,3,3,3,3,3,3,3,3,3,3,3,3,3,3,3
7003317605,2,2,3,9,9,9,9,19,19,19,19,19,19,19,19,19,19,19,22,22,22,27,27,33,33,33
7003387096,5,5,5,8,8,25,27,27,27,27,27,27,27,27,27,27,27,27,27,27,27,27,27,27,27,27
7006231150,3,3,3,3,3,4,7,7,8,8,10,10,10,11,13,16,17,19,23,33,33,37,38,39,41,41
6507594287,7,7,7,7,12,12,13,13,13,15,15,15,15,15,15,15,15,15,15,15,15,15,15,15,15,15
6506172365,2,2,2,2,2,2,2,2,2,2,2,2,2,2,2,2,2,2,2,2,2,2,2,2,2,2
6506461641,2,2,2,2,2,2,2,3,3,3,3,3,3,3,3,3,4,4,8,22,30,30,41,47,55,66
6506192293,1,1,2,2,10,11,11,11,11,11,11,11,11,13,24,24,32,36,38,38,46,46,46,46,46,46
7003353590,2,2,2,3,3,3,3,3,3,10,10,10,10,13,13,17,18,18,21,25,42,49,54,60,63,65
55166634400,3,3,3,3,3,3,3,3,3,3,3,3,3,3,3,3,3,3,3,3,3,3,3,3,3,3
6506434836,1,1,1,1,1,4,5,5,10,11,11,11,12,12,15,17,18,22,22,25,27,27,33,35,35,35
6602916792,5,7,7,7,8,8,8,8,8,8,14,16,19,19,21,22,28,29,34,37,40,40,47,49,53,54
6602211201,1,1,1,1,1,1,1,1,1,1,1,1,1,1,1,1,1,1,1,1,1,1,1,1,1,1
6505993851,5,5,6,6,6,6,6,6,6,6,6,6,6,6,6,6,6,6,6,6,6,6,6,6,6,6
7005407009,3,5,5,8,17,17,19,19,30,41,49,62,62,65,66,67,69,69,74,77,77,77,77,77,77,77
35451872900,6,6,6,6,6,6,6,6,6,6,6,6,6,6,8,8,15,38,41,47,50,52,57,59,60,63
56624791900,2,2,2,2,3,9,9,9,9,9,10,10,10,10,10,10,10,10,10,10,10,10,10,10,10,10
7005497961,10,10,16,20,30,49,54,61,80,82,89,98,107,115,125,129,133,135,137,144,145,146,151,151,153,153
56231992200,2,2,2,5,9,9,9,9,11,11,11,13,14,14,20,29,32,35,38,38,42,42,42,46,52,59
56260361400,3,3,3,3,3,3,3,3,3,3,5,5,5,5,5,5,12,12,12,12,12,19,31,31,35,35
55664707100,1,2,2,3,3,3,4,4,8,8,9,9,10,11,11,13,19,19,19,21,21,21,21,23,23,23
57203979106,1,1,2,3,4,6,7,8,8,17,18,18,34,39,40,44,47,47,50,53,59,61,65,65,67,68
6603215020,2,2,2,2,2,2,5,5,5,7,9,11,11,13,13,22,26,28,35,42,51,58,67,72,77,78
6507787122,3,3,3,3,3,3,3,3,3,3,3,3,3,3,3,3,12,12,12,12,12,12,12,12,12,12
36801432500,3,3,3,3,3,3,3,3,3,3,3,3,3,3,3,3,3,3,3,3,3,3,3,3,3,3
6701599375,7,7,7,9,9,9,11,11,31,31,31,31,31,31,33,33,35,35,35,35,35,35,35,35,35,35
7102438137,1,2,2,2,2,2,2,2,2,2,2,2,8,10,11,18,18,22,22,22,22,22,22,22,22,22
6603875772,1,5,5,6,6,7,7,10,10,12,14,14,14,14,14,15,20,31,31,34,34,36,38,38,38,39
56119428200,6,6,6,6,6,6,6,6,6,6,6,6,6,6,6,6,6,6,6,6,6,6,6,6,6,6
6701690111,7,8,9,10,10,10,10,10,10,10,10,10,10,10,10,10,10,10,10,10,10,10,10,10,10,10
7102611107,2,2,3,3,3,3,3,3,3,3,3,3,3,3,3,3,3,3,3,3,3,3,3,3,3,3
6505947399,3,3,3,3,3,3,3,6,6,6,6,6,6,6,6,6,6,6,6,6,6,6,6,6,6,6
6701380274,4,4,4,4,4,4,4,4,4,4,4,4,4,4,4,4,4,4,4,4,4,4,4,4,4,4
25924938200,1,1,1,1,1,1,1,1,1,1,1,1,1,1,1,3,3,3,3,3,3,7,9,11,11,11
7102789951,1,1,2,2,2,5,5,5,5,5,5,5,5,5,9,9,17,20,20,20,20,20,20,20,20,20
6603180367,1,1,1,2,2,2,5,6,6,6,9,9,9,9,13,14,14,18,21,25,27,29,31,31,31,35
7005497943,7,7,7,7,16,16,16,16,16,19,19,19,19,19,19,19,19,19,19,19,19,19,19,19,19,19
7103200212,1,1,1,1,1,5,5,6,9,10,14,14,18,18,34,37,37,48,51,57,61,64,66,68,72,79
6602165671,1,2,2,2,3,5,6,6,7,7,8,8,9,11,11,11,11,12,12,12,12,12,12,12,12,12
7005546797,2,4,4,4,5,5,5,5,5,5,5,5,5,5,5,5,8,8,8,8,8,8,8,8,8,8
24534845100,2,2,2,2,2,2,2,2,2,2,2,2,2,2,2,2,2,2,2,2,2,2,2,2,2,2
6603719743,3,3,3,5,5,5,5,7,7,9,9,10,10,11,11,11,11,11,11,11,11,11,11,11,11,11
6506375250,2,2,2,2,2,2,2,2,2,2,2,7,7,7,7,7,7,7,7,7,7,7,7,7,7,7
6603295610,6,6,6,8,8,8,8,8,8,8,8,8,8,8,8,8,8,8,8,8,8,8,8,8,8,8
7005252775,5,5,5,5,5,5,5,5,5,5,5,5,5,5,5,5,5,5,5,5,5,5,5,5,5,5
56111248500,4,4,4,4,4,4,5,5,5,5,9,10,10,10,15,17,17,18,21,21,21,21,21,21,21,21
56837857800,6,6,6,6,6,6,6,9,11,12,12,12,12,12,12,12,12,12,12,12,12,17,17,18,18,18
7103210987,2,2,2,2,2,2,2,2,2,2,2,2,2,2,4,4,4,4,4,5,9,9,9,9,9,9
55665410000,3,3,3,3,3,8,8,8,8,8,8,8,8,8,8,8,12,12,12,12,12,12,12,12,12,12
7003391579,2,2,2,2,2,2,2,2,2,2,2,2,2,2,2,2,2,2,2,2,2,2,2,2,2,2
6701388922,2,2,2,3,3,6,9,10,13,13,16,16,22,25,31,31,35,35,40,42,51,61,63,67,74,75
6602192927,4,4,4,4,4,4,4,4,4,4,4,4,4,4,4,4,4,4,4,4,4,4,4,4,4,4
55822406700,2,2,3,3,3,3,3,3,3,4,4,4,4,4,4,4,4,4,4,4,4,4,4,4,4,4
7003310110,1,1,1,1,2,2,2,5,6,6,6,6,7,8,8,13,13,13,13,13,13,13,13,15,15,15
7004429508,4,4,4,4,4,4,4,4,4,4,4,4,4,8,16,16,16,16,21,21,21,21,21,21,21,21
6505893161,12,12,12,12,12,12,12,12,12,12,12,17,17,17,17,17,17,17,17,19,19,19,19,19,19,19
23033668300,4,4,4,8,9,11,12,13,15,23,24,27,28,31,33,35,47,61,88,102,107,107,110,113,121,131
6701824509,6,6,6,6,15,15,18,18,18,18,18,20,20,20,20,20,20,20,20,20,20,20,20,20,20,20
55905194400,2,2,2,2,2,4,4,4,4,4,4,4,5,5,5,5,5,7,7,8,10,10,10,10,10,10
7004453726,3,3,7,7,7,7,15,15,15,15,15,15,15,15,15,15,15,15,15,15,15,15,15,15,15,15
7003310597,1,6,6,6,8,13,16,16,16,21,21,23,24,25,25,26,26,26,26,26,26,26,26,26,26,26
6701565836,2,2,2,3,3,3,3,3,5,7,8,8,8,8,8,8,8,8,8,8,8,8,8,8,8,8
6602614866,2,2,2,4,4,6,6,6,8,10,16,16,16,24,27,32,33,33,34,37,37,38,39,42,46,49
6701793350,4,4,4,7,7,7,7,7,10,10,10,10,10,10,10,10,10,10,11,11,12,12,12,12,12,12
7102386223,1,1,4,6,6,9,9,11,12,14,14,14,14,64,65,67,68,70,70,70,70,70,70,70,70,70
37020041200,3,3,3,3,4,4,4,4,4,4,4,4,4,4,4,4,4,4,4,4,4,4,4,6,6,11
6603854967,1,1,1,1,1,1,1,1,1,1,1,1,1,1,1,1,1,1,1,1,1,1,1,1,1,1
6602212746,3,3,3,3,4,4,5,6,6,7,7,7,10,12,16,20,26,30,30,38,44,64,66,66,66,67
7801429500,1,1,1,1,1,1,5,5,5,7,7,10,10,10,10,12,14,18,18,18,18,18,18,18,18,18
56012461200,4,4,6,8,8,8,8,9,9,9,9,9,9,9,9,9,9,9,9,9,9,9,9,9,9,9
6701925362,3,3,3,3,3,3,3,3,3,3,3,3,3,6,6,8,8,8,8,8,8,8,8,8,14,14
56235032200,2,2,5,5,5,5,5,5,5,5,5,5,5,5,5,5,5,5,5,5,5,5,5,5,5,5
18734961500,2,2,4,4,4,4,5,5,5,5,5,5,5,5,5,5,11,11,11,11,11,11,11,11,11,11
56618222300,2,2,2,3,3,3,3,3,3,3,3,3,3,3,3,3,3,3,3,3,3,3,3,3,3,3
7402648996,4,7,10,11,11,13,13,13,13,13,13,18,18,20,25,35,36,44,50,50,50,50,55,61,61,61
24923014500,3,5,6,6,6,6,6,6,6,6,6,6,6,6,6,10,10,10,10,10,10,10,14,14,16,20
6603130580,1,1,1,4,4,5,5,5,5,5,5,5,5,5,9,9,11,11,11,13,13,13,16,16,16,16
6603210850,3,3,3,3,5,7,7,7,8,8,8,14,14,18,18,18,18,20,32,39,39,39,39,39,39,39
7003695994,7,11,12,14,14,15,23,30,32,39,41,43,49,54,58,65,77,82,94,97,109,117,122,125,135,143
7004541621,2,5,8,8,9,20,20,20,27,29,30,31,32,35,39,39,41,45,48,48,50,58,60,60,63,64
36963979400,4,4,6,6,6,9,9,9,10,10,10,10,10,10,10,10,10,10,10,10,10,10,10,10,10,10
6507421796,1,1,1,1,3,7,7,7,8,8,8,8,11,11,11,11,11,11,11,11,11,11,11,11,11,11
56243181600,4,4,4,4,4,4,4,4,4,4,4,4,4,4,4,4,4,4,4,4,4,4,4,4,4,4
8977328400,1,1,1,2,2,3,3,3,3,4,4,5,7,8,8,11,11,11,11,11,11,11,11,11,11,11
7102849865,4,4,4,4,7,8,11,11,11,11,11,18,18,27,27,27,27,27,27,27,27,27,27,27,27,27
6507907923,3,3,3,3,3,3,3,3,4,4,4,4,4,4,5,13,14,14,15,16,17,17,17,17,18,21
6602487964,2,2,2,3,3,4,4,4,4,4,4,5,6,6,16,26,29,32,33,37,38,46,59,61,65,67
7007031683,3,8,12,15,16,18,22,32,35,39,42,47,51,73,82,86,90,94,96,103,111,112,118,126,129,133
23977677200,3,3,3,3,3,3,3,3,3,3,3,3,3,3,3,3,3,3,3,3,3,3,3,3,3,3
6602471557,2,2,2,2,2,2,2,2,2,2,2,2,2,2,2,2,2,2,2,2,2,2,2,2,2,2
6503921290,1,1,1,1,1,1,1,1,1,1,1,1,1,1,1,1,1,1,1,1,1,1,1,1,1,1
7003418178,3,3,3,3,3,3,3,8,12,12,12,14,14,14,14,14,14,14,14,14,14,14,14,14,14,14
55991876400,2,5,5,5,6,9,12,12,13,13,13,17,17,17,17,17,19,24,26,28,28,30,34,34,35,35
35561216300,2,2,2,7,7,7,7,7,7,7,7,7,7,7,7,7,7,7,10,10,10,10,10,10,10,10
56041771900,4,5,6,6,7,8,8,10,10,10,14,14,15,19,20,22,22,22,24,24,32,38,39,45,46,48
7007106894,3,3,3,3,3,3,3,3,3,3,3,3,3,3,3,3,3,3,3,3,3,3,3,3,3,3
6602855593,1,1,1,1,1,1,1,1,1,1,1,1,4,4,4,11,12,12,12,12,12,12,12,12,12,12
6603741650,4,4,4,4,7,7,7,8,8,8,9,9,9,10,14,15,16,17,18,21,22,26,29,29,32,33
6506179983,2,2,2,2,2,2,2,2,2,2,2,2,2,2,4,4,4,4,4,4,4,4,6,6,6,6
6701799247,3,3,3,3,3,3,3,3,3,3,3,3,3,3,3,3,3,3,3,3,9,9,9,9,12,12
6602537391,2,2,2,2,3,3,3,4,4,4,5,15,22,24,25,27,28,28,34,42,45,46,48,48,51,51
