Unnamed: 0,ID,1992,1993,1994,1995,1996,1997,1998,1999,2000,2001,2002,2003,2004,2005,2006,2007,2008,2009,2010,2011,2012,2013,2014,2015,2016,2017,2018,start_year
844,7005243284,2,4,6,6,7,9,13,13,20,22,24,28,29,31,34,34,35,40,42,47,48,50,52,52,52,52,55,1992
930,35609544900,1,1,1,2,11,16,20,20,21,21,21,21,26,29,29,36,41,46,48,50,51,64,68,71,71,71,73,1992
1004,55154987800,4,4,4,4,4,4,4,8,14,17,17,22,23,31,37,37,37,47,52,56,64,64,64,68,68,73,73,1992
1165,6602821958,2,2,2,3,3,4,5,5,5,5,5,7,7,7,8,10,10,11,11,11,18,18,20,25,29,30,32,1992
1192,6701814154,5,5,5,7,8,8,10,10,11,17,18,24,24,29,37,38,46,51,52,53,54,61,65,70,70,70,71,1992
1249,6602976495,1,1,1,3,4,10,10,10,10,13,13,13,13,14,18,20,22,24,24,27,27,27,27,27,27,27,28,1992
1551,7006099867,2,2,2,2,2,2,3,3,3,20,25,30,30,39,41,41,47,53,53,53,58,58,58,59,59,59,59,1992
2226,6602102248,3,3,3,4,5,8,8,10,12,16,18,20,22,27,28,32,33,36,44,48,50,54,61,66,68,69,69,1992
2319,7003273112,2,2,2,5,5,6,7,7,7,7,7,7,7,11,11,11,13,13,15,15,17,17,17,17,17,17,17,1992
2321,6701777142,3,3,3,6,6,8,9,9,15,16,16,16,17,17,21,21,21,21,21,21,21,21,21,21,21,21,21,1992
2971,7405456051,2,2,10,10,10,10,10,10,10,10,10,10,12,16,17,19,24,27,28,30,32,33,33,34,35,35,39,1992
3423,6701376975,1,1,2,6,9,9,9,9,9,10,10,13,22,22,23,23,23,25,25,25,27,27,30,30,31,35,35,1992
3704,55888273100,1,1,1,3,6,8,8,8,9,9,9,9,9,56,57,57,60,62,62,64,64,64,70,73,73,81,91,1992
4027,8909440200,2,2,2,2,3,3,3,3,3,3,3,3,7,9,9,10,12,15,16,17,17,17,17,17,20,22,22,1992
4437,6701630033,4,4,4,4,10,10,10,10,10,10,10,13,13,13,13,13,13,13,13,13,13,13,13,13,13,13,13,1992
4749,7003638379,2,2,4,4,4,4,4,4,4,4,4,27,27,27,27,33,33,33,33,33,36,36,36,36,36,38,38,1992
4756,7003628036,3,9,9,10,16,16,16,21,24,26,27,30,42,45,47,51,51,51,53,54,57,57,57,58,58,59,59,1992
5384,55026725400,3,5,5,5,5,5,5,5,5,9,9,11,12,14,14,22,22,22,23,25,25,28,28,28,30,39,39,1992
5438,7005796864,1,1,2,10,10,10,20,20,20,24,26,27,29,31,40,40,40,40,40,40,40,40,40,40,40,40,40,1992
5673,7003654105,3,7,7,7,9,10,14,16,16,17,20,20,27,27,33,47,54,56,71,76,83,105,115,132,135,153,177,1992
5847,6506279603,2,2,2,2,2,2,2,2,2,2,2,2,2,2,2,2,2,2,2,2,2,2,2,2,2,2,2,1992
6005,7004679521,2,2,2,2,2,17,26,27,31,32,48,48,57,71,76,77,89,90,95,99,100,111,121,123,123,126,127,1992
6144,7003440423,8,15,15,24,24,24,24,24,24,24,46,46,63,63,109,116,169,170,208,213,257,275,320,325,486,488,522,1992
6274,23004022500,2,3,3,3,3,3,4,8,11,16,18,23,27,32,37,55,59,65,72,79,83,87,92,97,109,118,130,1992
6424,6506193859,2,2,2,4,6,6,7,7,7,7,7,7,7,8,8,11,14,17,31,31,37,37,40,61,61,64,68,1992
7139,6602828964,1,2,4,5,7,9,10,13,13,14,14,26,29,38,41,46,47,52,52,55,61,76,80,83,85,98,100,1992
7179,6601931950,2,2,2,2,3,5,5,5,5,5,5,5,6,6,6,11,17,20,25,25,25,25,25,29,29,29,29,1992
7252,6603935992,1,2,4,4,5,5,5,5,6,8,8,10,29,30,31,36,38,38,38,42,42,42,46,46,64,65,65,1992
7454,7004152332,1,1,1,1,1,4,4,4,4,4,8,8,9,11,12,17,19,19,23,23,35,38,40,43,47,47,49,1992
7455,35606867000,6,6,6,9,14,17,19,19,21,21,22,22,23,25,32,32,32,32,32,35,39,39,40,40,40,40,40,1992
7802,7005692975,4,4,4,11,11,11,25,25,28,35,49,54,61,66,67,89,107,115,118,118,131,131,169,175,189,193,193,1992
8376,7003653678,1,1,1,1,1,4,4,4,4,4,4,4,4,4,4,4,4,4,4,5,5,5,5,7,8,8,8,1992
9151,7006199667,5,5,5,5,5,5,5,5,5,5,5,5,5,5,5,5,9,9,9,9,11,11,11,11,11,11,11,1992
9357,6602268031,2,2,2,2,5,5,5,6,6,6,6,6,6,7,7,7,7,13,13,15,18,22,23,31,32,37,39,1992
9486,7004283294,2,3,3,5,5,7,7,9,9,9,9,11,11,11,11,11,12,13,13,13,17,17,17,17,17,17,17,1992
10375,7003849149,1,1,3,3,8,20,21,21,26,30,34,35,54,57,60,72,79,85,88,95,95,110,112,117,150,155,156,1992
10393,57199671186,17,17,17,17,17,17,17,17,17,17,17,17,17,17,17,17,17,17,17,17,17,17,17,17,17,17,17,1992
10638,6603832921,3,3,3,3,9,10,13,13,14,15,18,19,21,21,33,36,38,40,46,48,63,64,66,69,71,73,77,1992
11094,7801614054,1,2,2,2,2,2,2,2,2,2,2,2,2,2,2,2,17,17,19,26,26,30,31,31,31,31,31,1992
11216,6602414466,1,1,1,2,2,2,2,2,2,3,3,3,3,3,3,3,3,3,3,3,3,3,5,5,5,5,5,1992
11689,6603957654,1,1,2,3,4,6,6,9,10,10,12,12,15,17,17,20,20,20,32,34,34,53,58,62,62,63,64,1992
12092,57203069180,2,2,2,2,2,2,2,3,4,5,5,9,11,11,12,12,15,18,20,27,29,50,68,71,71,72,72,1992
12123,12760377600,2,2,2,2,2,2,3,3,3,3,4,4,4,4,5,11,16,16,16,16,16,16,16,17,17,17,19,1992
12141,6701619203,3,10,10,14,14,17,17,17,17,17,17,17,17,19,21,22,25,25,25,25,26,28,28,31,33,33,33,1992
12266,6701494620,1,1,1,1,2,2,4,5,5,5,5,8,8,10,12,16,19,21,21,21,26,31,31,35,35,36,36,1992
12456,7005650131,5,5,5,5,5,5,5,5,9,9,9,9,9,14,14,14,19,34,34,34,46,46,46,46,46,46,46,1992
12893,15924762400,3,3,4,6,6,6,6,6,6,6,6,6,6,6,6,6,14,18,22,30,32,39,42,43,48,49,50,1992
12942,7006258365,1,1,1,1,2,6,8,9,11,13,13,13,23,27,28,32,39,43,48,55,57,64,73,77,86,95,100,1992
13547,6601906257,3,3,6,6,10,12,14,14,27,28,30,33,34,38,42,42,53,57,57,57,59,64,65,71,73,83,87,1992
13978,7004986177,2,4,4,5,6,7,8,8,9,10,11,12,13,13,14,14,18,18,18,22,22,26,26,26,26,33,43,1992
14127,6602879815,2,2,3,3,4,7,7,7,7,8,8,8,8,10,10,10,10,10,10,10,10,14,17,17,17,17,17,1992
14136,6603057317,1,1,1,1,2,2,3,3,3,3,3,4,4,4,4,4,4,4,4,4,4,4,4,4,4,4,4,1992
14535,57204279874,2,2,2,3,3,11,11,12,12,12,12,12,12,13,13,13,15,15,15,15,21,21,21,21,21,21,21,1992
15201,23016588700,2,2,2,2,2,2,2,2,2,2,2,2,5,5,5,5,5,5,5,5,5,5,5,5,19,19,19,1992
15901,7102270813,1,2,3,5,5,5,5,5,6,6,6,6,6,6,7,7,7,7,10,11,11,11,11,11,11,11,11,1992
16394,6701874716,1,1,2,2,4,4,6,6,7,7,7,7,8,9,11,14,16,16,18,18,18,18,20,21,21,24,28,1992
16401,7103332714,1,1,1,1,1,1,4,4,4,5,5,5,8,8,11,11,11,15,15,15,16,22,22,22,22,22,22,1992
16513,7003918220,1,1,1,1,2,5,6,7,25,26,27,27,27,27,30,31,31,32,33,34,35,36,37,37,38,38,38,1992
16548,6603416618,1,1,1,1,1,1,1,1,1,1,1,1,1,2,2,4,4,4,5,5,7,13,16,17,17,17,17,1992
17135,14054986200,3,9,11,16,27,33,36,42,52,55,58,66,66,77,82,88,96,101,127,133,144,149,150,158,158,158,158,1992
18159,6603955456,2,2,2,2,2,2,5,6,6,6,8,8,8,8,9,9,9,9,9,9,9,9,9,9,9,9,9,1992
18940,7006155779,4,4,4,4,4,4,4,4,4,8,20,20,20,20,28,35,35,35,35,35,35,35,35,35,35,35,35,1992
19025,7004062005,3,3,3,3,3,3,3,3,3,3,3,3,3,3,3,3,3,3,3,3,3,3,3,3,3,3,3,1992
19042,57189021996,5,5,5,5,5,5,5,5,5,5,5,5,5,5,5,5,5,5,5,5,5,5,5,5,5,5,5,1992
20214,6602363550,1,4,4,4,5,5,5,5,5,6,6,7,11,14,20,20,20,20,20,20,20,20,20,20,20,20,20,1992
20974,6701642530,4,7,7,10,10,11,23,25,25,25,25,25,25,28,28,28,28,28,28,28,28,28,28,28,28,28,28,1992
21059,6603593802,3,3,3,3,5,5,5,7,7,18,18,18,18,22,26,31,35,45,45,45,47,47,47,47,47,47,47,1992
21095,55961161300,2,2,2,2,2,3,3,5,7,7,8,8,8,14,17,20,29,34,41,44,48,53,54,54,54,55,59,1992
21379,6603269962,2,5,5,5,5,6,8,10,10,10,12,12,12,12,12,12,16,16,16,16,19,22,22,23,27,29,32,1992
21458,7003787118,2,2,2,2,5,5,5,6,9,13,19,20,21,25,30,32,32,32,33,33,33,33,33,34,34,34,34,1992
22335,7003848425,1,1,1,2,2,5,6,11,12,12,12,12,12,12,12,13,13,13,13,15,16,16,16,16,16,16,16,1992
23188,7004147851,2,5,5,5,7,7,8,8,8,8,9,10,11,11,11,11,11,11,11,18,18,18,18,20,22,22,22,1992
23191,6602174721,1,1,1,2,3,5,5,5,6,6,7,10,10,92,93,94,97,101,102,104,105,105,105,107,108,108,112,1992
23731,6701421652,5,5,6,6,7,7,8,8,10,10,11,11,11,13,14,14,15,15,19,20,20,20,20,26,26,26,31,1992
23857,6506767376,1,1,1,1,1,1,1,1,2,2,2,2,2,5,5,5,5,8,8,8,12,12,12,12,12,12,12,1992
24664,7102402126,3,3,3,5,7,12,13,13,17,19,21,24,24,24,24,34,45,52,53,59,62,64,69,69,72,72,72,1992
25200,16230085800,8,8,8,8,8,8,8,8,8,8,8,8,8,8,8,8,8,9,9,9,9,9,9,9,9,9,9,1992
25477,6602378494,15,15,15,15,15,15,15,15,15,15,15,22,28,28,28,28,28,28,28,28,31,31,31,31,31,31,31,1992
25899,7005652499,1,1,1,2,2,4,4,7,7,11,21,23,24,24,27,31,33,41,47,49,49,54,67,69,73,73,84,1992
26175,6701831303,1,1,1,1,1,1,1,4,4,5,5,5,5,5,6,6,7,7,7,7,7,7,7,11,11,11,11,1992
26922,7004256139,3,3,3,3,3,3,3,3,3,3,3,3,3,3,3,3,3,3,3,3,3,3,3,3,3,3,3,1992
27310,6603241442,1,1,3,4,5,6,6,6,8,8,8,8,8,9,11,17,18,18,19,19,23,23,25,25,25,25,27,1992
27396,7006604024,1,1,1,1,1,1,16,16,22,22,22,31,31,31,31,31,31,31,31,31,31,31,31,31,31,31,31,1992
27691,7005980398,5,5,5,5,5,5,5,5,5,5,5,5,5,5,5,5,5,5,5,11,11,11,11,19,19,19,24,1992
27885,23388133900,2,2,2,3,3,3,3,3,3,5,5,5,5,5,5,6,7,7,8,9,9,10,10,11,11,11,11,1992
28298,11739674700,2,2,2,2,2,2,3,4,4,5,5,12,17,29,43,49,54,65,76,76,76,76,76,76,78,78,78,1992
28299,7003928174,21,21,21,21,21,21,21,21,21,38,61,61,61,61,61,61,78,84,87,87,103,103,112,112,112,112,118,1992
28638,6701837423,2,2,2,3,7,9,14,14,20,24,24,24,24,28,31,34,35,43,45,54,57,59,66,79,82,82,82,1992
28896,6508046024,5,5,5,5,5,5,5,5,5,5,5,5,5,5,5,5,5,14,14,14,14,14,14,14,14,14,14,1992
29450,6603595648,1,2,2,2,3,3,3,3,3,3,7,7,7,9,9,10,12,12,13,16,19,21,23,23,23,24,24,1992
30605,22962913900,6,6,6,6,6,6,6,6,6,6,6,6,6,6,6,6,6,6,6,6,6,6,6,6,6,6,6,1992
30609,6701681035,2,2,2,6,11,11,18,20,21,24,29,32,45,48,49,64,67,73,96,101,109,116,122,128,137,143,151,1992
31411,7101932156,1,1,4,4,4,4,4,4,4,5,5,5,5,5,5,5,5,5,5,12,13,22,22,22,22,24,24,1992
31414,6507954961,3,3,3,4,6,6,6,6,6,6,6,6,6,6,8,17,19,20,36,36,36,53,53,53,63,63,63,1992
31846,56212862800,3,10,14,17,23,23,26,27,28,30,30,32,32,32,36,36,36,39,41,45,46,53,59,68,73,77,84,1992
31870,55948969100,1,1,2,2,2,2,3,3,5,5,5,5,5,5,9,9,9,9,9,9,9,9,9,9,9,9,9,1992
31975,7004047435,2,13,13,24,24,31,40,46,47,69,69,69,69,71,71,71,75,75,75,75,75,75,75,75,75,75,81,1992
32869,56269460500,3,3,3,5,5,5,5,5,5,5,5,5,5,5,5,5,5,5,5,5,10,10,10,10,12,12,12,1992
33410,14826447800,2,2,2,2,2,2,2,2,2,5,5,10,10,10,10,15,23,27,28,35,38,39,39,46,49,54,55,1992
33564,7006243303,3,3,3,3,3,3,3,7,7,8,14,14,19,27,27,29,29,29,43,43,49,51,55,55,55,57,57,1992
33771,6701777052,3,3,3,3,3,3,3,3,3,3,3,3,3,3,3,3,9,9,9,9,9,9,9,9,9,9,9,1992
33941,55996757900,1,1,1,4,4,7,7,8,9,9,11,13,25,28,34,46,57,57,70,84,93,100,119,133,133,134,134,1992
34233,7003608603,3,3,5,6,6,7,8,8,10,10,12,13,19,22,34,37,38,41,41,47,67,70,77,91,101,108,121,1992
35281,55919370000,1,1,1,1,1,1,1,2,2,6,6,6,8,8,15,15,15,15,15,15,16,16,16,16,16,16,16,1992
35296,6603730869,1,1,6,7,14,23,28,36,36,48,48,51,52,55,75,117,138,140,149,153,160,184,190,194,195,197,213,1992
35373,6603075341,2,2,2,2,3,3,4,4,4,5,5,5,7,9,9,12,13,21,21,21,21,21,21,21,21,23,23,1992
35568,7007022466,3,3,3,3,3,3,3,3,3,3,3,3,3,3,3,3,3,3,3,3,3,3,5,12,12,12,12,1992
36275,55883073000,1,1,2,2,2,5,5,5,6,6,9,9,15,22,27,30,32,35,47,49,51,62,70,71,76,77,83,1992
36367,55000373500,2,2,2,2,2,2,2,3,4,4,5,10,12,15,15,16,22,31,37,40,47,48,55,62,71,76,77,1992
36430,6602002313,3,3,3,4,6,6,6,6,6,6,8,9,10,10,13,13,13,16,18,18,18,18,18,22,22,22,22,1992
36557,6603470403,1,1,2,2,2,3,3,4,4,4,6,7,11,23,25,29,31,42,42,43,47,47,50,50,50,50,50,1992
37116,6602455665,2,4,4,4,7,10,10,12,13,15,17,18,21,22,22,24,24,24,30,30,35,35,35,35,35,35,36,1992
37425,7003747636,4,8,8,8,8,8,8,8,8,14,14,18,20,32,37,42,52,55,63,72,73,87,88,94,94,94,94,1992
37750,6601998219,11,11,11,14,15,15,15,15,15,15,15,15,15,15,15,15,15,15,15,15,15,15,15,15,15,15,15,1992
38464,6603191515,1,1,1,1,7,7,9,9,10,12,12,13,13,13,14,19,27,34,34,43,43,45,47,47,51,54,56,1992
38622,55902614600,2,2,2,2,2,2,2,9,9,9,9,9,9,9,9,9,9,9,9,9,9,9,9,9,9,9,9,1992
39107,7202213403,1,1,1,2,2,2,5,5,5,9,9,17,19,21,30,33,33,33,34,34,35,35,36,36,36,36,36,1992
39444,7006533184,1,3,3,11,16,18,24,27,36,39,45,48,50,53,53,54,58,60,62,62,62,62,64,65,65,67,67,1992
39452,7006572255,1,3,5,6,7,7,7,7,12,12,17,17,20,20,23,25,28,36,38,41,41,42,45,47,51,59,59,1992
39646,6602360035,1,1,1,2,2,2,2,2,3,3,6,6,8,8,8,8,8,8,8,8,8,8,10,10,10,12,12,1992
40075,6505560773,6,6,6,6,6,6,6,6,6,6,6,6,6,6,6,6,6,6,6,6,6,6,6,6,6,6,6,1992
41110,7004587891,8,8,8,8,8,8,8,8,8,8,8,8,8,8,8,8,8,8,8,12,12,12,12,12,12,12,12,1992
41332,6603726244,2,4,6,7,7,7,7,7,8,8,8,8,8,12,16,19,19,34,34,40,40,41,44,44,45,47,47,1992
41338,6602514473,1,1,2,3,3,5,5,8,8,8,8,11,11,11,12,12,12,12,12,12,12,12,13,13,13,13,13,1992
41538,12345621400,1,1,1,1,2,2,2,3,3,3,3,3,3,4,4,4,6,34,34,34,39,39,43,44,47,47,47,1992
41655,6505856438,2,2,2,2,2,2,2,2,2,2,2,2,2,2,2,2,2,2,2,2,2,2,2,2,2,2,2,1992
41737,24781731700,1,1,1,1,1,1,1,1,1,1,1,4,4,4,4,4,4,4,4,4,4,4,4,4,4,4,4,1992
41900,6602229923,3,3,3,3,3,3,8,9,9,9,11,11,12,15,15,21,43,44,44,49,49,52,66,66,71,72,74,1992
42271,6701372324,1,1,1,1,1,1,1,1,1,1,2,4,4,5,5,6,6,9,10,10,10,10,10,10,10,10,10,1992
42401,55988602500,4,4,4,4,4,12,12,12,12,12,12,12,16,16,16,16,16,21,21,21,21,21,21,21,21,21,21,1992
43156,7201784500,4,5,5,7,7,11,11,12,12,14,14,15,15,15,15,15,17,18,18,19,20,21,22,22,22,22,22,1992
44289,7005948109,1,1,9,17,23,32,37,49,67,73,84,89,91,94,97,103,112,116,121,125,130,133,154,161,171,179,188,1992
44438,6602684291,2,3,6,6,7,8,12,14,16,19,22,28,31,32,35,36,38,44,46,47,52,56,57,59,65,68,74,1992
44458,6603166723,2,4,4,4,7,7,9,9,16,24,25,25,25,25,28,30,32,32,32,35,37,39,43,45,47,47,48,1992
44689,7402739629,3,3,3,3,3,3,3,3,3,3,3,3,3,3,3,3,3,3,3,3,3,3,3,3,3,3,3,1992
45014,7401539622,1,1,1,1,2,2,4,6,7,11,11,15,18,22,24,29,36,36,38,40,40,43,45,48,52,52,58,1992
46670,7004311280,3,3,3,3,5,5,5,5,8,8,8,8,10,11,12,12,12,18,21,24,24,28,28,28,28,28,28,1992
46914,6506698646,1,1,1,3,5,5,7,7,10,11,11,13,23,28,28,31,43,44,50,50,50,50,55,57,65,68,68,1992
47268,6603533502,5,5,8,8,8,8,8,8,8,8,8,8,8,8,8,8,8,13,13,13,13,13,13,13,19,21,21,1992
47314,6506182062,3,3,3,3,10,11,11,11,11,11,11,11,11,11,11,11,11,11,11,11,11,11,11,11,11,11,22,1992
47469,7005592320,2,2,2,2,3,3,4,4,5,5,8,8,8,9,10,10,10,10,13,13,13,14,20,20,20,24,25,1992
47945,7004052305,2,2,4,10,11,13,20,22,25,25,25,27,31,34,34,34,34,34,34,34,34,34,34,34,34,34,34,1992
48472,6602227961,1,1,2,2,3,3,4,5,6,7,7,10,11,11,13,14,15,15,19,19,19,30,32,33,35,39,48,1992
48564,6602885397,1,1,1,1,1,1,1,1,1,1,1,1,1,1,1,1,1,1,1,1,1,1,1,1,1,1,1,1992
48675,7003433993,1,3,3,3,3,3,5,5,7,12,12,19,19,20,22,23,24,27,29,30,32,32,32,33,35,35,35,1992
48902,7004621957,1,1,1,5,6,10,16,22,22,23,25,25,29,34,42,51,54,57,59,72,73,74,81,168,173,174,175,1992
49138,6507596657,4,4,4,6,6,10,10,10,10,10,10,12,12,12,13,14,15,15,15,17,22,23,27,27,29,30,31,1992
49445,6701468461,2,2,4,9,12,15,16,19,20,27,33,36,36,48,48,49,53,53,53,53,53,53,54,54,54,54,54,1992
49592,15764542000,4,4,4,6,6,6,7,7,9,9,9,9,9,13,13,14,22,25,26,26,28,31,32,33,35,35,35,1992
50232,7103143996,1,2,4,4,4,6,6,7,11,12,24,26,27,28,33,36,42,49,59,79,81,94,102,115,118,120,121,1992
50694,7202044299,2,2,2,2,2,2,2,2,2,2,2,2,2,2,3,3,3,3,3,3,3,3,3,3,3,3,3,1992
50753,14053566400,2,3,3,4,4,4,4,18,18,29,29,29,39,39,39,39,47,51,57,57,66,71,78,82,91,97,100,1992
50925,6701595467,1,1,1,2,2,4,4,5,5,5,5,5,9,9,9,9,9,9,9,9,9,9,9,9,9,9,9,1992
51126,55989814300,2,5,8,9,11,11,11,11,12,12,12,12,12,12,18,20,20,20,21,34,49,64,73,83,89,98,101,1992
51675,6602820409,3,4,4,4,4,4,5,7,8,10,10,12,13,13,14,17,19,25,26,26,26,30,30,31,31,31,31,1992
52140,6602601344,8,15,15,15,15,15,15,15,15,15,22,24,24,24,24,34,34,34,34,34,34,34,37,37,37,37,37,1992
52195,35616121500,1,4,4,4,4,4,6,6,6,6,9,9,11,11,11,12,12,14,16,17,22,23,23,27,27,30,30,1992
52297,6603677424,1,1,1,1,1,1,1,1,1,1,1,1,1,1,5,5,5,5,5,5,5,8,8,8,8,8,8,1992
53098,6604037777,17,17,17,20,20,20,20,20,20,20,45,45,87,87,87,87,89,95,99,99,99,99,99,99,99,102,102,1992
53362,6507027612,3,3,3,3,5,6,6,6,6,6,6,6,6,6,8,10,11,16,20,20,21,22,22,25,25,28,28,1992
53467,14032097800,2,2,2,2,3,3,3,3,3,3,3,11,11,11,16,16,16,22,23,26,32,32,34,40,42,42,42,1992
54223,22941895600,21,21,21,21,21,21,21,21,21,21,21,21,21,21,21,21,38,38,38,38,38,38,53,57,57,57,57,1992
54683,6602146400,2,2,4,4,5,5,11,15,15,16,16,32,34,35,48,50,84,84,85,94,106,107,109,109,109,109,109,1992
54744,6603007408,3,4,4,7,7,7,7,12,12,16,16,18,18,20,28,30,30,36,40,45,50,54,58,58,58,64,64,1992
55384,12242236000,1,1,1,1,1,2,6,6,8,9,11,11,11,12,30,30,30,30,30,30,30,31,33,40,41,43,47,1992
55410,7005111517,2,2,2,4,8,13,18,20,27,29,34,56,64,64,67,80,86,95,95,95,101,101,104,117,117,119,119,1992
56539,6602725983,2,2,2,2,5,5,5,7,7,10,10,11,11,11,13,13,15,15,15,15,15,15,15,15,15,15,15,1992
56877,7004344639,2,2,2,2,2,2,5,5,7,7,12,12,12,12,12,13,16,16,16,17,18,18,19,19,19,22,23,1992
56995,6701836552,2,2,2,2,2,6,6,7,7,7,7,9,9,9,12,15,15,17,20,23,23,27,27,40,40,40,40,1992
59043,7004102318,1,1,1,1,1,1,1,1,1,1,1,1,1,1,1,1,1,1,4,4,4,4,4,4,4,4,4,1992
59478,6701782386,3,3,3,3,3,3,3,3,5,5,5,7,7,7,7,8,10,10,12,19,19,19,19,19,19,19,19,1992
60270,6603651752,3,3,5,5,5,5,6,6,8,8,9,12,12,12,13,13,13,13,15,15,15,15,15,15,15,15,15,1992
60591,7004015097,1,1,1,1,1,1,2,3,3,3,4,7,7,11,11,11,11,13,13,13,15,16,16,21,23,23,23,1992
60611,7005573070,2,2,2,2,2,3,4,4,7,11,14,21,23,23,45,69,83,105,112,130,134,140,145,150,157,161,162,1992
61264,7003732167,3,3,4,7,10,10,10,13,18,28,28,34,35,38,38,38,38,38,38,40,40,40,40,42,43,43,44,1992
61570,7201740253,1,1,1,1,1,1,1,1,1,1,1,1,1,1,1,1,1,1,1,1,1,1,1,1,1,1,1,1992
61733,6603732898,1,1,1,1,1,1,1,1,1,1,4,4,4,4,4,4,4,4,4,5,11,11,11,11,14,14,15,1992
61809,6602707094,5,5,7,11,11,12,12,13,13,13,16,17,22,22,26,26,29,33,41,43,44,52,52,52,52,52,52,1992
62202,6603047398,1,1,1,1,1,1,1,1,9,10,12,12,15,15,15,15,19,19,19,20,25,30,30,30,30,30,30,1992
62327,22735261200,8,8,8,8,12,12,15,16,16,16,18,20,20,20,21,21,24,25,25,25,25,25,25,25,25,25,25,1992
62616,7006690890,2,2,2,2,2,2,2,2,2,2,2,2,2,2,2,2,2,2,6,17,17,17,17,19,20,24,44,1992
63034,6506655973,2,2,2,2,2,2,4,4,4,6,6,9,9,9,10,15,15,18,19,19,21,25,33,34,34,35,35,1992
63045,7005391459,2,3,3,3,3,3,4,5,5,6,6,7,7,7,8,9,12,16,26,29,30,33,34,35,36,36,36,1992
63139,6701750764,6,6,6,6,6,6,6,6,6,6,6,6,19,19,19,19,19,19,34,34,34,34,57,57,91,97,97,1992
63449,8609179300,3,3,3,3,3,3,3,3,3,3,3,3,3,3,3,3,3,3,3,3,9,9,9,9,9,9,9,1992
63816,26643465900,3,3,3,4,6,7,7,7,7,8,9,10,10,10,10,11,11,12,12,12,12,14,14,14,16,17,18,1992
63840,55496021000,3,4,4,9,10,10,11,11,11,11,12,12,12,14,16,18,19,21,21,26,30,30,43,43,46,52,53,1992
64850,23396207600,2,2,2,5,5,8,10,10,10,12,12,12,12,12,12,13,16,17,17,17,18,19,19,20,25,25,25,1992
64871,6603682694,1,2,2,2,3,3,3,6,7,8,11,12,12,12,12,13,14,14,14,14,14,15,16,17,19,20,22,1992
64950,7004122281,1,1,1,3,4,5,5,5,10,10,14,16,19,20,26,26,32,35,43,45,52,52,62,68,71,72,72,1992
66237,7004636317,2,2,2,3,3,3,3,3,6,6,6,6,6,6,8,8,8,10,10,17,19,21,32,33,33,36,36,1992
66255,6603590532,2,2,2,2,2,2,2,2,2,2,2,2,2,2,2,2,2,2,2,2,2,2,2,2,2,2,2,1992
66325,24765910100,2,2,2,2,2,2,2,3,4,4,8,8,8,17,17,20,22,26,29,29,30,30,31,31,31,31,31,1992
67608,6701717534,2,2,2,2,2,2,2,2,2,2,2,2,2,2,2,2,2,2,2,2,2,2,2,2,2,2,2,1992
68099,7005443617,5,7,7,7,7,9,13,16,17,24,31,31,31,34,45,45,63,64,64,64,68,71,71,71,80,80,80,1992
68540,7202918709,27,27,29,29,29,29,29,29,29,29,29,29,29,29,29,29,29,29,29,29,29,29,29,29,29,29,29,1992
68561,6602582469,1,1,2,2,2,3,3,3,3,3,3,3,8,8,8,10,10,10,10,10,11,14,14,19,20,22,22,1992
68565,7004297568,2,2,2,2,2,2,2,2,2,4,5,5,5,5,7,7,7,7,10,10,10,10,10,10,10,10,10,1992
68576,6602573135,2,2,5,5,5,5,5,5,7,7,11,11,11,11,11,11,11,12,12,22,22,22,25,25,25,30,30,1992
68922,35890702800,1,1,1,1,1,1,1,1,1,2,2,5,5,6,6,6,6,6,6,6,6,6,6,6,6,6,6,1992
69259,7004727745,2,2,2,2,2,4,4,4,4,4,4,4,4,4,4,6,6,6,6,6,8,9,10,11,12,14,14,1992
69620,7103188418,8,8,8,10,13,14,15,15,17,17,18,20,22,27,27,28,30,31,31,32,32,42,42,45,47,56,64,1992
69894,6602627732,2,3,4,4,4,4,5,5,6,6,6,6,6,6,6,6,6,6,6,6,9,9,15,32,39,47,49,1992
69901,7003530628,4,4,4,4,4,9,11,11,13,13,13,13,13,15,15,15,15,15,20,36,36,36,36,36,36,36,36,1992
69957,35585371100,2,2,2,2,2,2,2,2,2,4,4,4,4,4,4,4,4,4,4,4,4,4,4,4,4,4,4,1992
70052,7202826521,2,2,2,2,3,4,7,7,7,8,11,13,18,20,26,30,37,38,40,42,47,50,50,50,50,50,50,1992
70191,7103341975,21,21,21,21,21,21,21,21,21,21,21,21,21,21,21,21,21,21,21,21,21,21,21,21,21,21,21,1992
70445,7005517989,15,15,17,20,22,24,24,24,24,24,24,36,36,36,36,42,42,45,52,52,57,69,69,72,96,112,115,1992
70986,7007101480,1,1,1,1,1,1,1,1,1,1,1,3,11,13,24,34,51,69,72,74,85,87,92,94,99,99,99,1992
71600,35610308300,1,1,1,1,1,1,1,1,1,1,1,1,1,1,1,4,4,4,4,4,4,4,4,4,4,4,4,1992
71814,6602668923,5,5,5,5,5,5,5,5,5,5,5,5,5,5,5,5,13,16,16,16,20,20,20,20,20,20,20,1992
71874,7102363214,1,1,1,1,1,1,1,1,1,1,1,1,1,1,1,1,1,1,1,1,1,7,10,10,10,10,10,1992
72105,6603250226,3,3,6,6,8,12,14,14,14,19,20,20,20,20,23,24,24,24,24,24,24,24,24,24,24,24,24,1992
72239,7102608789,3,3,3,3,3,3,6,6,8,8,10,11,14,20,25,27,31,34,41,42,43,51,52,55,55,55,58,1992
72337,6602254753,1,1,1,3,5,5,5,5,5,5,5,6,11,11,11,12,12,12,12,12,12,12,12,12,12,12,12,1992
72469,55587898400,1,1,1,3,6,9,9,10,12,13,15,15,16,19,20,23,27,28,30,30,30,30,30,30,30,32,33,1992
72694,9250806300,2,2,2,2,2,2,2,2,3,3,3,3,3,3,3,3,3,3,3,3,3,3,3,5,5,5,5,1992
72959,7005556184,1,1,1,1,1,1,1,1,1,1,1,6,6,6,6,6,14,14,14,14,14,14,14,14,14,14,14,1992
73615,15766227900,3,3,5,5,8,8,8,10,11,11,16,16,16,16,16,16,16,20,22,31,31,36,36,42,42,45,45,1992
74142,6602164811,2,2,2,2,2,2,6,8,9,11,11,11,11,18,21,29,31,38,46,54,82,84,98,106,115,115,118,1992
74157,7006867473,1,2,3,5,7,7,8,12,14,14,14,14,14,18,20,20,22,22,23,23,23,23,23,23,23,23,23,1992
74186,6602631593,1,1,1,1,1,1,2,2,2,2,3,3,3,3,6,6,7,7,7,7,7,7,7,7,11,11,11,1992
74201,6701813242,1,1,1,1,4,4,6,6,6,6,6,8,8,8,8,10,10,10,12,16,16,17,20,23,30,31,32,1992
74305,8967507300,1,2,2,4,5,11,11,15,15,16,16,17,19,21,21,25,25,36,41,58,69,74,79,81,82,84,84,1992
74317,7003874071,2,2,2,4,4,4,4,4,4,4,4,5,5,5,5,5,7,7,7,7,7,7,7,10,10,10,10,1992
74394,7005793702,8,8,8,8,8,8,8,8,8,8,8,8,8,8,8,8,8,8,8,8,8,8,8,8,8,8,8,1992
74492,6602954837,2,2,2,2,2,2,2,2,2,2,2,2,2,2,2,2,2,2,2,2,2,2,2,2,2,2,2,1992
74660,6701592523,2,2,2,2,2,6,6,6,7,7,9,12,12,12,14,14,14,14,17,20,23,23,23,23,23,23,23,1992
74954,7004200099,1,2,2,2,8,9,9,9,12,12,12,12,14,15,15,15,18,18,18,18,23,23,23,23,25,28,28,1992
75624,55947099700,10,10,10,10,10,10,10,10,10,10,10,22,22,22,22,22,25,25,25,25,25,25,25,25,25,25,25,1992
75970,17534669400,3,3,3,3,3,3,3,3,3,3,3,3,3,3,3,3,3,3,3,3,3,3,3,3,3,3,3,1992
76848,7006918493,1,1,3,4,4,4,4,4,5,5,5,5,5,5,5,5,5,5,5,5,5,5,5,5,5,5,5,1992
77653,35309684800,4,4,8,14,14,14,14,14,14,14,14,21,42,53,53,65,71,75,75,75,75,75,75,75,75,75,75,1992
78221,56212847900,1,3,3,3,3,6,6,8,9,9,10,10,10,11,14,15,18,20,24,24,24,24,24,24,24,24,24,1992
78251,6601992807,2,2,2,2,2,2,2,2,2,2,2,2,4,4,4,11,11,14,14,16,16,16,16,16,16,16,16,1992
78595,56960063300,1,1,1,1,1,1,1,2,2,2,4,4,4,4,9,9,9,9,11,12,15,16,16,16,16,16,21,1992
78774,7003556983,2,2,2,3,3,3,3,3,3,3,3,5,5,5,5,5,5,5,6,6,7,7,8,8,8,8,8,1992
78829,35762766500,2,2,2,3,9,13,13,13,20,23,27,28,29,34,34,36,44,50,56,61,76,82,85,86,87,90,95,1992
79041,7202753847,2,2,2,2,2,2,2,4,4,4,5,6,9,10,11,13,13,23,28,30,34,36,47,47,47,47,52,1992
79109,7003459040,3,4,4,8,16,18,22,27,27,38,42,43,44,44,57,57,58,58,62,62,64,64,64,64,64,64,64,1992
79206,7004128438,2,3,3,3,3,3,3,3,4,4,4,4,4,4,4,5,7,7,7,7,7,9,9,9,9,9,9,1992
80101,6507203709,3,4,4,4,4,5,5,5,5,5,5,5,5,5,5,5,5,5,5,6,6,6,6,6,7,10,12,1992
80159,7003644696,5,5,5,5,8,8,12,13,13,13,13,16,21,21,21,21,21,21,21,21,21,21,21,21,21,21,21,1992
80800,7004154329,2,2,2,4,4,4,4,5,5,5,5,5,5,5,5,5,5,5,5,5,5,5,5,8,8,8,8,1992
80803,7004490868,1,1,1,1,1,1,2,2,2,6,7,17,17,17,17,20,20,20,20,20,25,25,25,25,25,25,25,1992
82383,14634918000,3,3,3,3,3,3,3,3,3,3,3,3,3,8,8,8,8,8,8,19,28,28,28,32,37,37,37,1992
82393,6603091113,5,5,5,5,5,5,5,5,5,5,5,5,11,15,16,20,20,23,30,30,38,40,47,49,55,57,62,1992
82627,7003427447,3,3,3,4,4,4,4,4,5,5,5,5,5,7,7,7,7,7,7,7,7,7,7,7,7,7,7,1992
83149,6603148285,1,1,2,2,2,2,2,3,3,4,6,6,6,6,7,15,15,18,22,23,26,26,29,33,38,40,40,1992
83178,7003826313,7,7,8,11,11,11,11,14,18,25,25,25,25,25,25,25,25,25,25,25,25,25,25,25,25,25,25,1992
83284,35410035200,1,1,1,1,1,1,1,1,1,1,1,1,1,1,1,1,1,1,1,1,1,1,1,1,1,1,1,1992
83583,36046872900,2,2,2,2,6,6,6,6,6,6,6,6,6,6,6,6,10,10,10,21,21,21,21,21,21,25,25,1992
84246,55917030600,1,1,1,1,1,1,1,1,1,1,1,1,5,5,5,5,5,5,5,5,5,5,5,5,5,5,5,1992
84700,15076888500,2,2,2,4,6,6,8,8,10,12,12,21,21,22,26,27,29,30,30,30,30,31,31,37,41,41,41,1992
85008,7102317189,4,4,4,6,6,6,7,7,8,9,9,9,9,9,9,9,9,9,9,9,9,9,9,9,9,9,9,1992
85090,7005128612,2,2,2,2,2,2,2,2,2,2,2,2,2,2,2,2,2,2,2,2,2,2,2,2,2,2,2,1992
85353,55400474200,1,1,1,1,1,1,3,3,3,11,11,11,11,11,11,11,11,11,11,11,11,11,11,11,11,11,11,1992
85919,6602312177,3,4,5,5,5,5,10,12,15,15,17,17,23,26,26,28,54,58,62,64,84,85,90,91,97,97,97,1992
86341,6701706712,1,1,1,1,1,1,1,2,2,2,2,3,3,3,4,4,5,7,10,12,15,21,21,24,26,26,26,1992
86362,56186666700,2,2,2,2,4,5,12,13,15,15,15,15,18,20,20,20,22,23,27,27,32,39,39,43,43,43,44,1992
86673,7102887596,8,11,13,17,21,21,23,25,38,38,43,45,49,49,54,60,67,70,71,74,74,74,74,74,74,74,74,1992
87760,6602606027,3,3,3,3,3,3,3,3,3,3,3,3,3,3,3,3,3,3,3,3,3,3,3,3,3,3,3,1992
88083,7201877234,2,4,4,6,6,7,7,7,9,9,11,11,14,15,15,15,15,17,18,18,22,22,24,27,27,29,35,1992
88678,7202094967,2,2,2,2,2,2,2,2,2,2,2,2,2,2,2,2,2,2,2,2,2,2,2,2,2,2,2,1992
88774,57194270346,1,1,1,1,1,2,2,2,2,6,10,11,16,17,17,25,48,49,55,60,63,70,73,75,82,86,97,1992
88806,36050113100,4,4,4,4,4,4,4,4,4,4,4,13,13,13,13,13,13,13,13,13,13,13,13,13,13,13,13,1992
88964,7801336048,17,17,17,20,20,20,20,20,20,20,45,45,45,45,45,45,45,45,45,45,45,45,45,45,45,45,45,1992
89499,15119236700,1,1,1,2,3,4,4,4,5,5,6,7,7,9,11,14,14,15,18,22,23,26,27,31,31,33,36,1992
89503,7003510830,3,3,3,3,3,3,3,3,3,3,3,3,3,3,3,3,3,3,3,3,3,3,3,3,3,3,3,1992
89716,7005875455,2,2,2,2,2,2,2,2,2,2,2,4,4,4,4,4,4,4,4,4,4,4,4,4,4,4,4,1992
89722,56191759100,2,2,2,2,4,4,4,6,6,6,6,7,7,7,7,7,7,7,7,11,11,14,14,14,14,14,14,1992
90026,7004216193,3,3,3,3,3,3,4,4,5,5,6,9,9,12,17,17,26,37,42,49,51,58,59,59,60,76,82,1992
91093,6701533523,8,15,15,17,17,17,17,17,21,21,21,21,21,21,21,21,21,21,21,21,21,29,30,30,30,31,31,1992
91213,6603708787,1,1,10,10,11,13,17,17,21,23,24,24,26,27,27,39,72,74,100,102,102,102,102,102,102,102,102,1992
91490,6603694065,15,15,15,15,15,15,15,15,15,15,15,27,30,30,52,52,52,52,61,72,76,76,79,81,81,87,87,1992
91702,36779968900,1,1,1,1,1,2,3,3,3,4,8,9,9,9,9,9,30,32,32,32,32,32,32,32,32,32,32,1992
93228,56208889700,2,3,4,4,6,6,7,7,7,7,7,7,7,10,10,10,10,11,11,11,11,11,12,12,13,13,13,1992
93439,6701857895,2,2,2,2,2,2,2,2,2,2,2,2,2,2,2,2,2,2,2,2,2,2,2,2,2,2,2,1992
93639,7003400138,3,3,3,3,3,3,3,3,3,3,3,3,5,5,5,13,13,13,18,18,18,18,18,18,18,18,18,1992
93700,35618320100,2,4,4,6,6,6,7,7,7,8,8,8,10,10,12,13,13,14,19,22,23,23,24,24,24,24,24,1992
94128,22733736500,3,3,4,4,4,4,4,4,4,4,6,13,15,18,18,21,31,39,40,44,55,55,57,57,57,57,57,1992
94234,57191630413,1,2,4,5,5,7,7,7,7,24,24,28,28,35,37,37,38,40,42,43,43,43,49,50,52,52,53,1992
94362,6603762788,2,2,2,3,3,3,3,3,3,3,3,3,3,3,4,4,4,4,4,4,4,4,4,4,4,4,4,1992
94614,6701840770,17,17,17,20,20,20,35,35,49,49,83,83,101,101,151,157,174,176,186,198,204,211,222,222,239,250,250,1992
94892,7003368900,1,1,3,3,3,4,4,4,5,5,5,5,5,5,6,6,6,6,6,6,6,6,6,6,6,6,6,1992
95776,7006079839,21,21,21,21,21,21,21,21,21,21,21,21,21,21,30,30,30,30,30,30,30,30,30,30,60,60,60,1992
96123,7003395962,3,6,8,8,8,8,15,15,15,15,15,15,15,15,15,15,17,17,17,17,17,17,17,17,17,17,17,1992
96427,7006305834,2,2,2,2,2,2,2,2,2,6,7,7,7,15,15,17,17,19,19,19,19,28,28,28,28,28,28,1992
96701,7007172993,1,1,1,4,4,5,5,5,5,5,5,5,5,5,5,5,5,5,5,5,5,5,5,7,7,7,7,1992
96807,7003594878,5,11,11,12,12,12,12,12,12,15,16,16,16,16,16,16,16,18,18,18,18,18,18,18,18,18,18,1992
96914,6603106167,7,8,8,8,10,12,12,14,15,18,18,18,20,20,29,41,41,41,45,48,49,50,53,54,60,61,62,1992
97364,7003341534,1,1,1,1,1,1,1,1,3,3,3,5,5,7,9,9,9,9,9,9,9,9,9,9,9,9,11,1992
97866,7404279463,1,1,2,5,5,5,5,5,5,5,5,5,5,5,5,5,5,5,6,6,6,6,6,6,6,6,6,1992
98099,7005749195,2,2,3,5,5,5,5,5,6,6,6,6,6,6,6,6,8,8,10,10,10,10,10,10,10,10,10,1992
98727,7005779241,2,2,3,3,5,6,6,6,6,6,6,9,9,10,10,10,10,12,12,12,12,12,12,14,14,14,14,1992
98871,6508348826,3,3,3,3,3,3,3,3,3,3,3,3,3,3,3,3,3,3,3,3,3,3,3,3,3,5,11,1992
99237,7003841561,8,8,8,8,8,8,8,8,8,8,8,8,8,8,8,8,8,8,20,22,41,41,41,41,41,41,41,1992
99410,7005532118,3,7,12,14,21,25,30,31,38,42,45,49,53,57,66,67,70,71,74,75,83,83,85,88,88,89,89,1992
99513,6602085020,1,1,1,1,1,1,3,8,8,8,8,8,8,8,8,8,8,9,9,9,13,13,13,13,13,13,13,1992
99514,17433597600,1,4,4,5,5,5,5,7,7,7,8,8,8,12,14,14,18,19,19,19,20,21,21,22,22,22,22,1992
99985,6603200995,2,2,2,2,2,2,2,2,2,2,2,2,2,2,2,2,2,2,2,2,2,2,2,2,2,2,2,1992
100948,6603363865,1,1,1,1,1,1,1,1,3,3,4,10,14,16,23,25,28,30,33,34,37,39,50,55,62,66,68,1992
101035,6701781101,19,20,21,25,25,25,25,25,27,27,27,29,29,32,33,33,33,35,35,35,35,35,35,35,35,35,35,1992
101046,7006237459,4,4,6,6,6,7,11,11,15,15,17,21,38,38,41,49,50,56,63,72,77,78,80,92,99,107,110,1992
101308,55431679300,4,4,4,6,6,6,8,8,11,12,12,13,13,17,22,29,29,32,42,43,46,46,46,46,46,46,46,1992
101601,35586083000,1,5,5,12,12,12,14,14,14,14,14,14,14,18,18,18,18,23,23,23,23,23,23,23,23,23,23,1992
102188,6602979899,1,1,3,3,3,3,4,4,4,4,4,5,10,11,13,13,15,16,18,25,27,28,63,88,108,112,112,1992
102232,6506218151,1,1,4,4,4,4,5,6,6,8,8,8,8,10,10,10,10,12,13,13,24,24,27,28,28,28,28,1992
102677,7003583844,6,14,14,19,34,39,40,44,44,44,46,48,48,48,50,51,51,53,58,58,58,58,58,58,58,58,58,1992
102753,6603264506,2,2,2,2,2,2,2,2,2,2,2,2,2,2,2,2,2,2,2,2,2,2,2,2,2,2,2,1992
102839,7004333947,2,3,3,3,3,7,8,9,12,13,13,14,14,17,18,20,21,22,25,27,27,27,30,34,34,34,34,1992
102995,6701598270,3,3,4,7,10,10,10,15,20,25,25,26,26,26,31,31,31,34,34,45,53,54,57,60,60,60,60,1992
103486,7006963596,1,1,4,4,4,7,15,19,21,22,25,35,40,42,46,46,52,57,59,64,67,71,71,73,76,80,80,1992
103584,36634645000,3,3,3,3,3,3,3,3,3,3,3,3,3,3,3,3,3,3,5,5,5,5,9,10,13,16,17,1992
103630,6701750610,1,1,1,2,5,11,13,14,15,15,20,24,28,29,51,91,103,122,137,144,167,180,192,212,225,234,247,1992
104308,7003333456,2,2,2,2,2,2,2,2,2,2,2,2,2,2,2,2,2,4,7,7,7,7,7,7,7,7,7,1992
104836,6602551883,2,2,2,2,2,5,5,8,8,8,9,11,12,13,13,13,14,17,18,20,23,23,23,23,28,29,29,1992
105042,14631167700,1,1,1,1,1,4,5,5,8,11,14,15,19,20,22,31,32,33,33,33,40,40,40,40,40,40,40,1992
105553,7004241567,1,2,2,5,5,7,7,12,13,16,18,25,25,28,32,34,39,45,47,48,59,64,83,96,104,104,113,1992
106011,55664597400,6,10,10,15,23,34,41,45,46,52,54,56,56,56,56,62,68,71,84,86,100,100,110,117,119,119,121,1992
106274,7004744985,5,7,9,9,11,11,11,11,12,12,12,22,22,26,30,33,33,45,46,64,64,65,67,71,75,75,80,1992
106340,7004075404,4,4,4,4,4,4,4,4,4,4,4,4,4,4,4,4,4,4,4,4,4,4,4,4,4,4,4,1992
106489,7006885966,1,1,1,1,1,1,3,3,3,3,9,12,12,12,13,13,13,15,18,22,29,30,30,33,39,44,44,1992
106746,8945469800,1,1,1,1,1,1,1,1,3,3,5,5,5,5,8,8,8,8,8,8,8,8,8,8,8,8,8,1992
106960,7003454900,1,1,1,1,1,1,2,2,2,2,2,2,2,2,4,4,8,8,8,9,9,9,13,13,13,13,13,1992
107546,8727556200,1,1,1,1,1,1,1,1,1,1,1,5,7,13,13,18,27,35,35,38,38,38,44,48,56,58,65,1992
107808,35618077100,2,2,4,4,6,6,6,13,17,25,30,34,38,40,46,56,78,88,103,103,136,143,155,170,172,183,199,1992
107814,7004751636,4,4,4,4,4,4,4,4,4,4,4,4,4,4,4,4,4,8,8,13,13,13,16,16,16,16,16,1992
108005,6701816302,1,1,1,1,1,1,1,1,1,1,1,1,1,1,1,1,1,1,1,1,1,1,1,1,1,1,1,1992
108559,7003659283,2,3,4,4,4,4,4,6,10,10,10,12,13,15,19,22,24,26,27,28,30,33,37,37,37,37,37,1992
108905,7003492994,1,1,1,2,2,2,2,3,7,7,7,9,13,13,13,13,13,13,16,27,29,29,29,29,29,29,29,1992
108913,6602924606,1,1,1,1,1,1,1,1,1,3,3,3,4,4,7,10,10,12,13,13,13,13,13,14,18,18,18,1992
108945,7004421401,1,1,3,6,6,6,6,6,8,11,13,16,16,22,27,29,29,29,29,32,34,34,34,34,37,37,37,1992
109187,7004367865,2,3,8,13,18,20,23,23,27,31,31,31,31,31,33,35,41,43,43,43,43,43,43,43,43,43,43,1992
109401,7003885899,1,1,1,2,2,2,2,5,5,5,5,5,5,5,5,5,7,7,7,7,7,7,8,8,8,8,8,1992
109516,56187306700,1,1,2,9,11,12,15,20,24,29,32,35,37,40,48,50,57,70,84,93,111,123,147,157,170,173,183,1992
109763,6701766953,1,1,1,2,2,6,7,7,9,11,14,14,14,16,16,18,18,22,22,25,33,37,38,40,43,46,49,1992
109844,57203048626,2,2,2,4,4,7,12,15,19,22,22,25,26,26,28,28,28,31,31,31,31,31,31,31,31,31,31,1992
110250,7003798418,27,30,33,37,41,41,41,41,41,47,47,49,49,49,49,49,49,49,49,49,52,52,52,61,61,61,61,1992
110268,7103323166,1,3,7,9,9,11,13,13,17,21,21,21,22,22,23,23,23,23,23,26,26,28,28,28,29,29,29,1992
110315,7003957912,4,4,4,4,4,4,4,4,4,4,4,4,4,4,4,4,4,4,4,4,4,4,4,4,4,4,4,1992
110656,7004537102,1,3,8,8,13,16,18,23,25,27,27,27,27,27,27,38,44,44,44,44,45,45,45,45,45,45,45,1992
110737,24317418500,1,1,1,2,3,4,6,8,10,10,10,10,14,14,15,15,16,17,30,30,41,44,48,61,61,62,70,1992
111139,6602860937,1,1,1,2,2,3,4,4,8,10,10,10,12,12,12,15,15,15,15,15,17,18,20,21,21,21,21,1992
111259,7006129429,3,3,3,3,3,3,3,3,3,7,7,7,9,9,12,12,22,47,62,65,74,74,74,78,78,79,79,1992
111422,35464731600,10,10,10,10,10,10,10,10,10,10,10,13,13,13,13,13,13,13,13,13,13,13,13,13,13,13,13,1992
111770,6507463173,1,1,1,1,1,1,4,5,5,5,5,5,6,8,13,14,14,14,15,19,22,27,28,28,28,28,28,1992
112130,23993441900,2,2,2,3,3,4,5,7,9,9,10,10,10,12,15,17,20,20,23,23,23,23,24,24,24,24,27,1992
112135,56854905400,2,4,4,4,4,7,7,8,8,8,9,9,9,13,15,15,15,16,20,20,20,20,20,20,20,20,20,1992
112165,55939939100,1,1,1,1,2,4,4,5,7,9,13,15,16,20,20,21,27,38,42,50,51,53,55,65,68,76,85,1992
112253,7006406081,2,2,2,5,5,5,5,5,5,5,5,5,5,5,5,5,5,5,5,5,5,5,5,5,5,5,5,1992
112441,7004086641,2,2,2,2,2,2,2,2,2,2,2,2,2,2,2,2,2,2,2,2,2,2,2,2,2,2,2,1992
112721,15134813800,1,2,2,3,3,3,6,7,12,12,13,18,18,18,22,22,22,22,24,26,32,34,35,40,40,40,40,1992
112858,55908200600,3,3,3,5,5,5,5,5,5,5,8,8,8,8,8,8,8,8,8,8,8,8,8,8,8,11,11,1992
112891,56041084400,21,21,21,21,21,24,24,24,35,35,57,57,87,88,99,106,106,106,108,121,125,127,134,136,180,180,215,1992
113198,35584849600,8,8,9,9,9,9,9,9,11,17,19,20,22,22,25,27,28,28,34,34,40,41,43,43,45,46,48,1992
113434,22935389500,2,2,2,2,5,5,5,5,5,5,5,5,5,5,5,5,5,5,5,5,5,5,5,5,5,5,5,1992
113917,7101683604,2,2,2,2,2,2,2,2,2,2,2,2,6,6,6,9,9,9,9,9,9,9,9,9,9,9,9,1992
114034,6506149893,2,4,4,5,5,5,5,5,5,5,5,5,5,7,7,7,7,7,9,9,9,9,9,9,9,9,9,1992
114513,7103185654,2,2,2,2,2,2,7,7,20,26,26,26,26,26,26,33,34,37,45,49,53,59,59,59,59,59,59,1992
114792,6603360470,6,6,6,6,6,8,8,8,8,9,10,18,18,58,59,59,59,69,69,74,85,96,101,104,110,110,112,1992
114984,23389304100,3,3,3,3,9,10,10,11,11,11,12,15,21,23,24,29,37,44,47,47,51,51,52,54,57,61,66,1992
115355,6508302311,3,3,3,3,5,5,5,5,5,6,6,6,6,6,6,9,9,13,13,15,15,17,24,32,35,35,44,1992
115568,6602688124,1,1,1,2,4,4,4,4,4,4,5,7,7,8,8,9,9,11,16,44,45,51,53,57,72,88,95,1992
115703,7006428030,3,3,6,7,9,9,12,12,15,15,16,16,16,16,21,21,26,27,31,31,35,36,40,44,45,47,49,1992
116190,6603058291,2,2,2,2,2,2,2,2,2,2,2,2,2,2,2,2,2,2,2,2,2,2,2,2,2,2,2,1992
116319,7403378720,1,2,3,4,5,7,7,7,7,7,8,10,10,10,15,17,17,19,19,19,21,21,22,31,36,36,37,1992
116417,6602470585,1,1,3,4,7,8,11,11,11,14,17,20,27,27,27,37,37,41,42,43,46,46,46,46,50,50,50,1992
116548,6603152870,1,1,1,1,2,2,2,2,2,2,8,8,8,8,8,8,8,9,10,11,13,17,17,17,17,17,17,1992
116989,55918717600,2,2,2,2,2,3,3,3,4,4,4,4,4,4,4,6,6,6,6,6,6,6,17,22,22,22,22,1992
117104,7103240612,2,2,2,2,2,2,2,2,4,4,4,4,4,5,7,7,7,7,7,7,8,8,9,9,9,9,10,1992
117124,6602739852,2,3,3,3,3,3,3,3,4,4,4,4,4,4,4,4,4,4,7,7,7,8,8,8,8,8,8,1992
117277,7004672683,1,1,1,1,2,2,2,2,2,2,2,2,2,2,2,2,2,5,5,5,5,5,6,6,6,6,6,1992
117534,6602518673,2,2,4,4,4,4,4,4,4,4,4,23,23,23,23,23,23,23,23,23,26,26,26,26,32,39,39,1992
117643,7003717764,1,1,11,11,13,30,32,35,35,35,36,37,37,37,42,42,42,43,45,45,45,45,50,52,54,54,56,1992
118747,11540736700,1,1,1,2,4,4,4,4,6,8,11,11,11,13,16,19,19,19,19,19,19,19,19,19,19,19,19,1992
119006,6603161769,1,1,3,3,4,5,6,7,7,7,7,7,7,9,9,9,9,12,12,16,16,18,18,18,18,22,22,1992
119226,7004105959,2,3,3,3,3,3,4,6,6,6,8,9,9,10,10,10,10,10,12,12,12,12,12,14,14,14,14,1992
119867,7003700523,1,1,4,5,6,8,8,15,16,17,30,37,39,63,63,66,70,75,76,76,76,76,77,77,77,77,77,1992
119960,55508156500,1,1,1,2,2,7,7,8,8,10,10,10,10,13,16,16,18,19,32,43,64,74,76,79,86,93,93,1992
119968,56036076900,6,10,10,10,10,10,10,10,10,10,18,24,24,24,27,33,33,33,33,33,33,38,38,38,38,38,38,1992
120560,55431049800,1,1,4,4,8,13,14,18,22,24,27,27,27,27,30,35,40,43,49,58,75,85,96,113,124,135,147,1992
120622,7004846922,1,1,1,4,4,5,7,10,10,11,11,16,16,28,30,33,36,40,43,44,44,53,57,66,68,73,75,1992
121375,6602503765,6,6,6,7,10,10,11,11,14,17,22,26,27,34,37,41,43,49,52,56,61,61,69,70,71,71,78,1992
121621,55248392100,1,1,1,1,1,1,1,1,1,1,1,1,1,1,1,1,1,3,3,9,9,13,14,14,14,14,14,1992
121702,6602079107,2,2,2,2,2,2,2,2,2,2,2,5,7,8,8,10,11,12,12,12,12,12,12,12,12,17,17,1992
121804,7005983505,3,5,5,8,9,9,9,10,19,20,42,65,82,95,115,139,168,210,224,246,279,291,320,330,339,360,364,1992
121971,35608456400,4,4,4,4,4,4,4,4,5,10,10,13,17,17,17,23,26,26,27,33,38,39,39,46,46,46,46,1992
122238,35616544600,1,1,2,2,2,6,7,8,9,10,11,11,15,20,23,28,32,33,36,36,40,41,47,48,57,59,61,1992
122888,26643081200,4,4,8,14,14,14,24,24,27,46,58,64,78,78,78,91,98,118,133,142,162,171,214,236,264,295,295,1992
123070,6602291023,6,6,6,6,6,6,7,12,12,12,12,12,12,12,12,17,17,19,23,30,30,30,30,30,32,38,41,1992
123109,7004446493,1,1,1,1,1,1,1,1,3,3,3,3,3,3,4,9,11,11,12,12,17,17,22,22,25,25,25,1992
123386,6603569091,2,2,2,2,3,3,5,7,11,14,14,14,14,16,17,18,19,19,20,20,20,20,20,21,21,21,21,1992
123559,6508123476,3,3,3,3,3,3,3,3,5,5,5,5,5,5,5,5,5,5,5,5,9,13,16,16,16,18,18,1992
123854,6508141064,3,3,5,5,5,5,6,6,7,9,9,14,14,17,18,19,21,23,27,30,31,32,36,37,40,49,49,1992
124057,56250638200,1,2,3,5,6,7,8,8,12,12,17,21,21,22,24,26,26,29,32,32,32,35,37,37,37,37,37,1992
124438,6701390777,1,1,1,1,1,1,1,1,1,1,1,1,1,1,1,1,2,3,3,4,7,7,7,7,9,9,9,1992
124697,7003931125,4,4,4,4,4,8,35,35,35,35,35,35,44,44,57,61,75,80,82,86,89,92,93,123,133,140,140,1992
125016,7003487004,1,4,4,4,4,4,4,4,4,4,10,10,10,10,10,12,13,15,15,16,19,23,23,23,23,24,24,1992
125277,6507587045,4,4,4,4,4,6,6,7,7,7,7,7,7,7,7,15,15,16,16,16,21,23,23,25,28,28,28,1992
127274,7201782994,2,2,2,6,6,7,9,9,9,9,9,9,9,9,9,9,11,11,11,11,11,11,11,11,11,14,14,1992
127642,6701540244,2,4,4,4,4,4,4,4,4,4,4,4,4,4,4,8,8,8,8,8,8,8,8,8,8,8,8,1992
127662,7004808976,2,2,4,5,6,6,11,11,11,12,12,12,12,19,28,33,34,38,45,45,45,45,46,49,49,53,53,1992
127705,7005748027,6,6,6,6,6,6,6,6,9,9,9,9,12,12,12,12,12,12,12,12,12,12,12,12,15,15,15,1992
127731,55756724400,1,1,2,7,14,18,19,34,34,36,36,36,40,44,44,44,47,47,50,56,74,81,81,81,85,88,90,1992
127804,6602855250,1,1,1,2,3,3,3,3,7,8,12,12,14,16,18,19,25,30,39,45,49,59,62,64,64,66,74,1992
128110,6506299644,1,1,1,1,3,3,4,4,4,4,4,4,4,6,6,6,7,7,8,10,10,13,15,24,27,27,27,1992
128156,6603580478,4,4,4,4,4,4,10,14,15,15,15,15,21,21,21,21,21,23,23,28,28,28,28,28,46,46,46,1992
128789,7005399437,10,10,10,10,10,10,10,10,10,16,16,16,22,22,28,28,28,28,28,28,28,28,28,28,28,28,28,1992
128911,7201660421,1,1,1,1,3,4,4,4,6,6,7,7,7,8,8,8,8,9,11,11,11,11,11,11,11,13,15,1992
128999,7005168511,4,4,8,9,9,12,12,14,17,19,19,24,26,26,29,38,38,38,38,38,38,38,38,38,38,55,55,1992
129301,6602819637,1,3,4,4,5,5,5,6,6,9,20,20,21,21,24,27,27,27,28,32,33,34,36,36,36,40,40,1992
129499,15025821500,3,3,3,4,4,4,4,4,4,5,5,5,5,6,11,12,15,19,19,19,23,26,28,30,34,34,36,1992
129696,57190943815,4,4,4,4,4,4,4,4,4,4,4,4,4,4,4,4,4,4,4,4,4,4,4,4,4,4,4,1992
129769,6603735124,3,3,3,4,6,12,13,14,19,20,26,40,47,53,68,79,88,103,109,113,164,175,189,189,197,204,204,1992
129789,7004250382,2,2,2,2,2,5,5,5,5,7,7,13,13,15,15,17,17,18,18,18,19,22,22,22,22,22,22,1992
130073,7004206649,1,3,8,9,10,12,16,17,21,25,29,33,37,41,46,53,60,64,69,72,72,76,86,88,92,95,96,1992
130796,6701596051,1,1,1,3,3,6,6,6,6,6,6,6,6,6,6,6,6,6,8,8,8,8,8,8,8,8,8,1992
131309,6602180080,1,1,1,1,1,2,6,6,10,12,12,13,13,15,15,15,19,19,28,29,29,29,32,32,32,34,36,1992
131689,6602821489,4,4,6,6,6,11,18,20,22,22,24,24,25,26,26,33,34,36,36,36,36,36,41,41,42,42,42,1992
131903,57193414499,1,3,3,3,5,5,7,7,7,7,8,8,8,8,8,8,8,8,8,8,8,8,8,8,8,8,8,1992
133140,6603539064,1,1,1,1,1,1,1,1,1,1,2,2,3,3,3,4,4,4,4,4,4,4,4,4,4,4,4,1992
134089,7004277515,2,2,2,2,2,3,3,6,16,16,16,18,20,20,20,20,20,22,22,26,26,40,41,46,46,46,46,1992
134169,56273423300,1,2,2,2,6,9,9,9,9,9,9,13,13,14,15,20,23,23,23,28,31,34,39,39,42,43,43,1992
134326,7202662806,1,2,2,2,2,6,9,9,10,10,13,15,20,22,23,26,28,32,41,57,66,74,82,94,97,97,111,1992
134501,6602334316,3,3,3,3,3,3,3,3,3,3,3,3,3,3,3,3,3,3,3,3,3,3,3,3,3,3,3,1992
134525,6603516762,8,8,8,8,8,8,8,8,8,8,8,8,8,8,8,8,8,8,8,8,15,15,15,15,15,15,15,1992
134798,15924420900,3,3,3,3,3,3,3,3,3,3,3,3,3,3,3,3,5,5,5,6,6,6,6,6,6,6,6,1992
135181,35576383300,4,4,4,9,9,9,9,9,9,16,33,34,42,42,43,52,70,72,89,100,100,100,104,107,139,147,147,1992
135357,7003336093,2,2,2,2,6,8,8,9,14,16,17,18,20,21,21,23,28,35,45,54,71,88,95,97,114,123,130,1992
135617,7005435705,1,1,1,1,1,1,1,2,2,2,4,4,4,4,9,9,9,9,12,12,12,17,17,17,17,17,17,1992
135722,7005184593,1,1,2,2,7,9,11,12,13,13,16,17,18,19,20,25,27,27,34,39,40,43,43,44,53,54,55,1992
136546,16044532000,2,2,2,3,3,3,3,3,7,7,7,7,7,7,8,8,8,11,11,13,13,13,13,16,16,16,16,1992
136650,6602514483,1,4,5,6,7,12,12,12,12,12,14,14,14,19,21,30,39,47,49,54,63,72,83,89,101,105,109,1992
137038,35592052500,3,3,3,3,3,10,14,18,18,20,20,20,24,25,30,38,54,54,54,62,62,63,63,63,64,64,64,1992
137323,6603664285,3,3,3,3,3,3,3,3,3,3,3,3,3,3,3,3,3,7,7,7,9,9,9,9,9,9,9,1992
139541,14026742900,2,2,2,2,2,2,2,5,5,7,7,7,7,9,11,14,14,15,15,15,18,21,21,26,26,33,33,1992
139924,6603615882,5,5,8,8,8,8,8,8,8,8,8,8,8,8,8,8,8,8,8,8,8,8,8,8,8,8,8,1992
140617,6602076237,1,1,1,1,1,1,1,1,1,1,1,1,1,1,1,1,1,6,6,6,7,7,11,11,12,12,12,1992
141228,7006207071,3,3,4,11,12,14,17,20,23,26,33,34,36,39,63,67,80,87,92,98,113,131,138,155,161,163,170,1992
141532,6602390606,3,3,3,4,7,7,7,7,10,10,22,22,25,28,38,42,48,52,61,67,81,87,94,120,123,130,131,1992
141684,16176083200,4,4,4,4,4,4,4,4,4,4,6,6,6,6,6,9,9,9,9,9,9,12,12,12,12,12,12,1992
142337,55999400600,3,3,5,6,12,14,21,25,27,28,28,39,43,49,51,51,57,57,64,65,67,69,69,69,69,69,69,1992
142575,7202688490,1,2,2,3,3,3,4,4,4,4,4,4,4,5,5,8,9,9,13,13,15,15,15,15,15,15,15,1992
142751,7004715636,1,1,1,1,1,1,4,5,5,5,5,5,5,5,5,5,5,5,5,5,5,5,7,7,7,7,7,1992
143120,55886490100,1,1,1,1,2,3,5,6,7,7,10,12,12,15,21,23,23,25,26,30,32,37,41,41,43,45,46,1992
143406,6603292899,8,15,15,15,15,15,15,15,15,15,15,15,15,15,15,15,15,15,15,15,15,15,15,15,15,15,15,1992
143519,7006406720,4,4,4,5,5,5,5,8,8,8,22,22,31,31,40,40,53,74,83,86,93,102,118,120,127,129,130,1992
143719,6603381871,4,6,6,6,6,6,6,6,6,6,6,6,6,6,6,9,9,9,9,9,9,11,11,12,12,12,12,1992
143885,6603797711,2,2,2,3,5,5,8,9,9,9,9,9,9,10,10,10,15,20,23,23,24,25,25,27,28,30,36,1992
143996,55469815100,1,1,1,2,3,3,3,3,3,3,3,3,8,8,9,16,16,16,16,18,21,21,21,21,21,21,21,1992
144057,6701325746,1,2,2,2,2,2,2,3,3,3,3,3,3,6,6,9,11,14,15,19,67,79,81,91,93,96,107,1992
144668,6603070642,1,1,1,1,1,1,1,1,1,1,1,1,1,1,1,1,1,1,1,1,1,1,1,1,1,1,1,1992
144882,8880397800,1,2,2,2,2,2,4,4,4,4,6,6,7,9,9,11,14,20,25,35,53,54,56,62,65,66,72,1992
145009,16447647600,6,6,8,9,9,11,11,11,11,11,11,16,16,16,20,28,34,41,41,45,46,51,57,61,66,66,66,1992
145014,55910353000,3,3,3,3,3,10,10,10,10,10,10,10,16,16,16,16,24,24,24,24,29,29,29,29,29,29,29,1992
146542,25633006100,3,5,22,24,24,36,39,39,39,59,71,82,82,82,89,90,95,95,95,95,95,108,108,108,108,108,108,1992
146853,57202401998,1,1,3,3,3,3,3,3,3,3,3,3,3,3,3,3,3,3,3,3,3,3,3,3,3,3,3,1992
146903,6603758371,2,2,2,2,2,2,2,2,2,2,2,2,2,2,2,2,2,2,7,11,11,16,16,16,16,16,17,1992
147153,6701832236,3,6,6,6,6,6,6,6,6,6,6,6,6,6,6,6,6,6,6,6,6,6,6,6,6,6,6,1992
147203,6507814137,1,1,3,3,3,3,3,3,3,3,3,4,4,4,4,10,10,10,11,12,12,12,12,12,12,12,12,1992
147423,6602687467,3,4,4,4,5,5,6,8,8,8,8,8,8,8,11,11,11,11,15,17,21,23,25,27,34,36,37,1992
147603,6701846228,1,1,1,3,3,3,3,3,5,5,5,5,5,5,5,9,9,9,9,9,9,9,11,11,11,11,12,1992
148553,6603584305,2,2,3,3,3,5,7,7,7,7,7,8,8,8,8,8,8,10,10,10,10,11,12,13,17,18,18,1992
148567,56247747300,1,1,1,1,1,3,8,9,9,9,12,13,13,13,15,16,17,20,21,22,23,23,26,35,38,38,41,1992
148775,7201958702,13,20,21,23,33,33,38,40,40,40,40,40,40,40,40,40,40,40,40,40,52,52,52,52,52,52,52,1992
149879,55728636400,3,3,3,4,4,4,6,6,19,19,19,19,19,21,24,26,26,29,32,39,45,56,63,66,75,75,79,1992
150166,34770859700,1,1,1,2,3,3,4,4,8,10,11,12,12,12,37,39,41,44,45,49,54,55,65,65,66,71,72,1992
150865,7005509419,2,2,2,2,2,3,3,3,3,3,3,4,4,4,5,8,15,19,23,26,29,33,35,37,40,41,43,1992
151370,6701831776,2,3,4,4,7,7,7,7,7,7,7,7,7,9,9,9,9,9,10,10,10,10,10,10,10,10,10,1992
151549,56186939600,1,5,10,11,19,26,28,30,33,33,36,36,39,40,48,54,55,55,58,58,58,58,58,59,59,59,59,1992
151683,22333928400,5,5,5,5,8,8,8,8,8,11,12,16,26,26,33,33,33,38,39,39,39,39,40,40,46,46,61,1992
152029,6701893134,2,2,2,2,2,2,2,2,3,7,10,12,15,15,28,34,38,48,63,64,77,89,101,111,115,123,139,1992
152295,7005035755,4,4,4,4,4,4,4,4,4,4,4,4,4,4,4,4,4,4,4,4,4,4,4,4,4,4,4,1992
152487,7006612991,4,4,4,10,10,10,10,10,10,10,10,12,12,12,16,16,16,19,19,19,28,30,30,30,30,32,34,1992
152506,7006967825,18,18,18,18,18,18,33,38,41,41,48,72,86,87,92,99,105,128,145,153,160,163,174,177,183,190,190,1992
152529,7004374434,1,3,3,4,12,13,17,17,22,25,29,30,33,40,46,47,49,51,56,65,69,75,81,89,94,97,106,1992
153108,6603429798,2,2,2,2,2,3,3,3,3,3,3,3,3,4,4,4,4,6,15,18,22,22,22,23,23,23,23,1992
153318,55879697300,3,3,3,3,4,5,7,7,15,18,24,24,24,26,26,35,38,44,54,55,55,58,58,58,58,58,58,1992
153541,7003355416,1,1,1,1,1,1,1,1,2,3,4,7,8,9,11,16,19,26,26,28,31,32,43,44,45,52,53,1992
153635,6603828937,14,14,16,19,22,25,25,25,25,25,32,32,32,32,32,32,32,44,44,44,44,44,44,44,44,44,44,1992
153921,7402846789,2,2,2,2,3,3,3,3,3,3,7,7,7,11,11,13,14,16,16,16,16,16,16,16,16,16,16,1992
154031,56203837900,3,3,3,3,3,3,3,3,3,3,11,11,11,18,18,18,23,23,27,27,27,32,32,32,35,35,35,1992
154110,6602742190,1,1,1,1,1,1,1,1,1,1,1,1,1,1,1,1,1,1,1,1,1,1,1,1,1,1,1,1992
154814,6507801620,1,1,1,2,2,2,2,2,2,2,2,2,2,2,2,2,7,7,7,11,11,17,17,17,17,17,17,1992
155059,7801532751,3,3,3,3,10,10,10,10,10,10,10,10,10,10,10,10,10,10,10,10,10,10,10,10,10,10,10,1992
155099,7004139859,1,3,4,7,13,13,20,20,23,27,28,30,30,32,34,37,40,43,43,44,44,44,44,44,44,44,44,1992
155354,6603734458,2,2,2,5,10,13,16,16,17,17,28,32,34,40,48,50,57,59,72,79,79,79,79,79,79,79,79,1992
155413,15076615300,3,3,3,3,3,3,3,3,3,3,7,7,9,9,12,12,26,42,42,49,63,79,94,96,98,101,123,1992
155912,6701433901,1,1,1,1,2,2,2,5,5,7,7,10,10,11,11,12,12,12,13,13,13,13,13,13,13,13,13,1992
156074,56009651000,2,2,2,2,4,7,7,10,10,15,17,18,21,25,33,35,36,42,43,43,43,43,43,43,43,43,43,1992
156834,56028949900,1,1,3,3,3,6,6,7,7,7,8,8,9,9,10,10,10,10,13,16,16,17,20,24,24,24,25,1992
157389,6601966969,8,8,8,8,8,8,8,8,8,8,8,12,12,12,12,14,14,16,16,16,25,25,25,25,25,25,25,1992
157964,56372334400,4,4,4,9,9,9,16,16,16,16,16,16,16,16,16,16,16,21,26,26,26,26,28,28,30,30,30,1992
158344,6603457392,2,2,2,2,2,2,2,2,2,2,2,2,2,2,2,2,2,2,2,2,2,2,2,4,4,4,4,1992
158400,7004845355,1,2,4,4,4,4,4,4,5,5,5,5,5,5,5,5,5,5,5,5,5,5,5,5,8,11,11,1992
159021,7102851567,2,2,2,2,3,3,3,3,3,3,3,3,3,3,9,9,18,21,21,21,27,27,27,30,45,45,55,1992
159026,55883583900,3,9,12,14,18,21,21,22,24,24,24,25,27,31,35,41,43,52,53,70,82,89,90,92,93,96,101,1992
159534,6603357478,8,15,15,15,15,15,15,15,15,15,15,15,15,15,15,15,15,15,15,15,15,15,15,15,15,15,15,1992
160436,7103057838,2,2,2,2,2,2,4,4,7,10,14,18,20,20,26,28,33,37,40,40,48,63,64,68,70,72,79,1992
161460,6701410122,2,3,3,3,3,3,3,3,3,3,3,3,3,3,3,3,3,3,3,3,3,3,3,3,3,3,3,1992
161789,10638791700,4,4,4,7,9,12,13,13,18,18,18,21,21,24,68,68,72,74,74,74,74,74,74,74,74,74,74,1992
162047,6701917808,3,3,3,3,3,3,6,7,7,10,10,18,19,20,22,25,27,28,28,31,32,37,37,37,37,38,40,1992
162523,6602836349,11,11,11,15,15,15,15,15,15,15,15,15,21,21,21,21,24,24,24,27,34,35,49,56,63,65,65,1992
162662,6602858725,2,4,4,4,4,4,4,4,5,5,5,7,7,7,9,9,9,9,10,14,14,14,14,14,14,15,15,1992
162918,7103051922,4,4,4,4,4,4,4,4,4,4,4,4,4,4,4,4,4,4,4,4,4,4,4,4,4,4,4,1992
163618,56922485100,5,5,5,5,5,5,6,6,6,6,6,6,6,6,18,27,32,32,39,39,39,39,39,51,56,58,58,1992
163953,56245660300,1,1,1,1,5,6,6,6,7,7,11,14,14,15,15,15,16,16,16,17,17,17,17,17,19,19,19,1992
165547,7006597175,1,8,12,12,15,17,20,24,30,32,33,35,36,38,38,53,56,57,62,75,83,86,90,90,90,90,90,1992
166091,6602872911,3,4,4,5,8,8,8,9,11,11,11,11,12,12,12,12,12,13,13,13,15,15,17,19,20,20,20,1992
166180,55159125200,3,3,3,3,5,5,5,5,5,5,5,5,5,5,7,7,10,10,13,21,27,27,28,32,32,32,44,1992
166223,7005514830,2,2,2,2,5,5,5,11,11,11,13,13,13,13,14,16,17,19,19,19,19,19,21,21,21,21,21,1992
166235,6701310607,4,4,4,5,7,8,13,13,19,22,26,26,27,28,28,31,34,34,34,34,34,34,34,34,34,34,34,1992
166306,7003354731,2,2,2,3,3,4,4,4,4,6,6,6,7,8,9,9,11,11,11,11,14,14,14,18,18,20,20,1992
166704,6603291973,2,2,2,2,2,2,2,2,2,2,9,9,9,10,12,13,15,16,18,19,20,23,28,28,32,35,35,1992
166794,7401810290,3,3,3,3,4,4,4,4,10,10,13,13,13,17,22,24,25,27,27,31,33,35,35,35,39,39,39,1992
166994,7004881004,3,5,6,6,10,10,14,14,21,23,26,29,32,32,38,42,52,61,69,70,70,73,81,85,93,93,98,1992
167105,36865232200,2,2,2,2,4,4,4,4,4,4,4,5,5,12,12,12,12,12,12,12,12,12,12,12,12,12,12,1992
167789,6602995410,1,1,1,1,4,6,6,7,7,7,7,7,7,9,14,23,29,29,34,36,38,38,44,44,46,46,46,1992
168330,7006668377,1,1,3,3,7,20,21,21,24,28,32,32,51,52,59,71,73,79,81,86,88,94,96,99,101,102,102,1992
168456,6603881662,2,2,2,2,2,2,2,2,2,2,2,2,2,2,2,2,2,2,2,2,2,2,2,2,2,2,2,1992
168484,7005747894,7,7,7,7,7,7,10,10,13,13,13,13,13,13,13,13,19,19,19,19,19,19,19,19,19,19,19,1992
169385,6601970529,1,1,4,4,4,4,4,4,4,4,4,4,4,4,4,4,4,4,4,11,12,12,12,12,12,14,14,1992
169639,55888651600,1,1,4,4,5,15,21,27,27,29,30,30,30,30,37,42,42,44,44,44,51,52,52,52,52,52,52,1992
169737,7003435154,6,6,6,6,6,8,10,10,13,13,13,13,16,16,16,20,20,25,33,34,36,37,40,44,45,50,50,1992
169751,7006908423,2,5,5,8,12,13,13,13,13,17,20,20,21,21,26,33,35,37,40,43,45,45,45,45,54,58,58,1992
169850,7003268509,3,4,4,4,4,4,5,5,5,5,6,6,11,12,12,12,13,13,13,15,15,15,15,17,17,18,19,1992
169995,7102964877,2,2,3,4,6,7,8,9,9,11,12,13,13,16,17,27,27,35,37,37,40,42,42,47,53,56,58,1992
170511,6602079185,3,4,4,4,6,8,12,12,14,15,16,16,16,19,25,32,32,37,41,41,41,50,52,57,59,59,59,1992
170983,7402540396,2,2,2,2,2,2,2,2,2,2,2,4,4,4,4,4,4,4,4,4,4,4,4,4,4,4,4,1992
171144,6603344421,1,1,1,1,1,1,1,1,1,1,3,4,4,5,5,5,5,5,5,5,5,5,5,5,5,5,5,1992
171331,6602157409,4,4,5,7,8,9,9,9,15,17,17,18,18,18,23,23,24,33,33,33,35,35,35,37,37,40,42,1992
171484,56129253000,3,3,3,3,5,5,6,6,9,9,12,15,15,20,20,22,25,25,25,25,25,25,25,25,25,25,25,1992
171827,7004187113,1,1,1,1,1,3,3,5,7,7,7,7,7,8,10,13,13,19,20,21,25,25,26,26,26,30,30,1992
171944,7005844573,2,2,5,6,9,10,15,17,18,22,24,28,38,38,41,45,49,52,52,56,58,58,58,60,61,61,63,1992
172896,7004277569,1,5,6,6,6,13,13,14,14,14,14,14,15,15,17,17,17,20,23,41,46,47,50,50,54,54,54,1992
172948,7102980973,1,1,1,1,1,1,2,2,2,2,2,2,3,3,3,5,5,9,9,9,9,9,12,12,15,20,21,1992
172959,6701562687,3,5,5,5,5,5,5,5,6,6,6,8,8,8,9,9,9,9,12,13,13,13,13,13,13,13,13,1992
172977,7006856286,2,2,2,2,2,3,3,3,3,3,3,3,5,11,16,18,18,18,31,39,47,48,48,48,48,57,57,1992
174218,7004104440,2,4,4,4,6,7,10,10,12,18,20,21,22,22,23,23,24,26,26,26,31,31,31,31,32,35,35,1992
174586,6603631882,2,2,2,2,2,2,2,2,2,2,2,2,2,2,2,4,4,5,5,5,5,5,5,5,5,5,5,1992
174708,7402527192,21,21,21,21,21,21,21,21,21,21,21,21,21,21,21,21,21,21,21,21,21,21,21,21,51,51,51,1992
174849,7004935418,3,3,3,3,3,3,5,5,5,5,5,5,7,10,12,15,18,18,23,25,25,27,29,32,32,38,38,1992
175150,7003884916,2,11,12,14,18,18,19,19,19,21,21,21,21,21,22,22,22,25,27,27,29,33,40,42,44,46,46,1992
175198,23134894300,1,1,3,3,4,4,4,4,8,8,9,10,12,13,13,14,14,16,19,21,23,25,26,27,27,32,32,1992
175311,7003759439,2,2,2,2,2,2,2,3,3,3,3,3,3,3,3,3,6,6,6,6,6,6,6,9,9,9,9,1992
175455,7003936906,3,3,3,3,3,5,5,5,6,6,13,14,14,17,19,21,22,26,35,38,47,50,51,52,52,52,55,1992
175542,7003488220,3,3,3,3,3,3,3,3,3,5,5,5,5,5,5,5,5,5,5,5,5,5,5,5,5,5,5,1992
175838,6601960478,2,2,2,5,5,7,7,8,8,10,11,11,14,14,15,24,29,37,42,45,52,52,52,52,53,56,56,1992
175872,8847303300,1,1,3,3,6,9,9,9,9,9,9,14,14,20,24,48,48,56,56,72,73,86,101,116,125,133,137,1992
176441,15841323800,1,1,1,1,1,3,3,3,3,3,3,6,6,6,6,6,6,6,6,6,9,9,9,9,9,9,9,1992
176908,20633378300,2,2,2,2,2,2,2,2,2,2,2,2,2,2,3,3,3,3,3,3,4,4,4,5,5,5,5,1992
177108,6603053335,5,5,5,5,5,5,5,5,5,5,5,5,6,10,10,11,11,11,11,11,11,11,11,11,11,11,11,1992
177171,7006270549,2,2,2,2,5,6,9,11,12,12,16,18,18,22,25,27,32,38,39,39,43,44,46,50,50,52,52,1992
177403,7003996049,8,8,8,13,16,17,17,17,29,29,34,39,39,40,44,45,49,51,51,54,55,58,58,59,64,67,70,1992
177672,57197211944,2,2,2,8,8,14,14,15,17,20,21,22,24,24,24,24,26,32,32,32,32,32,32,32,32,32,32,1992
178513,6603744022,2,5,5,5,7,7,16,16,20,20,21,21,24,29,31,36,43,46,51,51,55,58,60,62,67,70,74,1992
178791,7004127505,3,3,3,3,3,3,3,7,7,8,14,14,19,27,27,29,29,32,46,46,52,52,58,63,63,79,82,1992
179151,7403981249,2,2,2,2,7,7,7,7,8,12,12,12,12,13,13,13,13,15,15,15,15,16,16,16,16,17,17,1992
179245,56234662600,6,6,8,10,16,22,30,33,34,35,41,46,48,51,52,59,61,62,62,62,62,66,66,66,66,66,66,1992
179294,6603929524,3,4,4,7,7,7,7,7,8,8,12,12,12,12,12,14,19,19,19,19,19,22,25,25,30,31,33,1992
179375,7003870805,1,1,5,5,6,7,20,23,24,26,32,32,33,77,80,80,85,88,90,94,94,101,101,101,105,107,108,1992
179388,6602817351,6,6,6,6,6,6,6,6,6,6,6,6,6,6,6,6,6,6,6,6,6,6,6,6,6,6,6,1992
179551,6701821147,8,15,15,17,21,21,59,67,67,67,67,67,67,67,67,67,83,83,83,83,83,83,83,83,83,83,83,1992
