ID,1996,1997,1998,1999,2000,2001,2002,2003,2004,2005,2006,2007,2008,2009,2010,2011,2012,2013,2014,2015,2016,2017,2018
8525292600,0,0,0,0,0,0,0,0,0,0,0,0,0,0,0,0,0,0,0,0,0,0,6
6602531058,0,0,0,0,0,0,0,0,0,0,0,0,5,5,5,5,5,5,5,5,5,5,5
57203216789,0,0,0,0,5,10,16,18,20,20,25,25,25,25,31,38,41,57,92,108,126,152,194
7102577004,1,1,1,1,1,1,1,1,1,1,1,1,1,1,1,1,1,1,1,1,1,1,1
7202855332,0,0,0,0,0,0,0,0,0,0,0,0,5,5,5,5,5,5,5,5,5,5,5
6701417695,0,0,0,0,0,0,0,0,0,1,1,1,1,1,1,1,5,5,5,5,5,5,5
57201301493,1,1,1,2,4,5,7,7,10,12,12,14,15,15,16,16,16,17,17,17,18,18,18
6602896605,0,0,2,2,2,2,2,2,2,3,3,3,12,16,16,21,21,24,27,27,27,27,27
7006772731,0,0,1,1,1,1,1,1,1,1,1,1,1,1,1,1,1,1,1,1,2,5,5
6602589749,2,3,3,3,3,3,3,3,6,7,8,8,8,8,8,8,8,8,8,8,11,12,12
6603964117,0,3,5,8,9,14,19,24,31,32,44,51,55,57,63,68,68,89,94,97,97,100,100
6603112614,1,1,1,1,2,2,2,5,5,5,5,5,9,11,12,12,18,22,22,27,29,29,29
6603704033,0,0,0,0,0,0,0,0,0,0,0,0,0,21,21,21,21,21,21,21,21,21,21
7006214520,0,0,0,0,0,0,0,0,0,0,0,0,0,0,0,0,0,0,0,0,2,2,2
55957278700,11,11,11,16,16,16,16,16,16,16,16,16,16,25,38,38,44,44,44,71,94,94,94
55897204500,0,0,0,0,0,0,0,0,0,0,0,0,0,0,0,0,4,7,7,7,11,14,30
6602245695,0,0,0,0,0,0,0,0,0,0,0,4,4,4,4,4,4,4,4,4,4,4,4
56568050500,0,0,0,0,0,0,0,0,0,0,0,0,0,0,1,4,6,6,6,6,6,6,6
57197881654,2,2,2,2,2,2,4,4,6,6,6,6,7,8,9,9,9,10,10,17,19,19,19
6603563139,0,0,0,0,0,0,0,0,0,0,0,0,5,5,5,5,5,5,5,5,5,5,5
17836394100,2,2,2,4,4,4,7,8,10,10,11,11,11,22,32,36,37,39,41,47,49,62,75
7004023805,0,0,0,4,4,6,6,6,7,10,22,25,35,40,45,48,50,53,57,60,61,65,78
55914469100,0,0,0,0,0,0,0,0,0,0,0,0,0,0,7,12,12,12,12,12,12,12,12
6602877914,0,0,0,0,0,0,0,0,0,0,0,0,0,0,0,5,5,5,5,5,5,5,5
56279072100,0,0,0,0,0,0,0,0,0,0,0,0,0,0,0,0,46,63,63,63,63,63,63
15847883800,1,3,3,3,3,3,3,3,5,5,50,53,54,60,62,62,63,68,73,80,80,84,91
7004594416,1,1,3,3,3,5,6,7,15,17,23,25,31,37,41,41,41,41,41,41,41,41,41
6602110009,0,0,0,0,4,4,4,4,4,4,6,6,6,6,8,8,8,11,12,12,12,12,12
7004299544,0,0,0,0,0,0,0,0,0,0,18,18,18,18,18,18,18,18,18,18,18,18,18
7007128569,0,0,4,6,20,20,24,29,29,29,29,38,48,61,68,79,82,88,90,90,91,94,99
7004084203,0,0,0,0,1,1,1,1,1,1,2,2,6,10,18,18,18,18,18,18,18,18,18
7402231612,0,4,4,4,4,8,17,17,27,39,41,55,65,72,78,79,79,82,104,115,124,134,146
35518167400,0,0,0,0,0,0,0,0,0,0,0,0,0,0,26,26,26,26,26,26,26,26,26
6602298730,4,5,9,9,9,9,9,11,11,11,11,13,22,24,24,28,37,37,45,47,50,50,54
55921949000,0,0,0,0,0,0,0,0,0,0,0,4,4,4,18,29,36,36,36,42,42,46,46
6602595244,0,0,0,0,0,0,0,0,0,0,0,0,0,0,0,0,0,4,4,4,4,4,4
22834457700,0,0,0,0,0,0,0,0,1,12,13,18,23,27,45,48,49,54,69,71,72,72,74
55882972600,0,0,0,0,0,0,0,0,0,0,0,0,0,0,0,0,0,0,0,0,6,6,6
6701366851,2,2,2,3,3,3,6,6,6,6,6,7,7,7,8,19,23,26,32,34,43,44,52
56084585800,0,0,0,0,0,0,0,0,0,0,0,0,0,0,0,0,0,2,2,2,2,2,4
35986546000,0,0,0,0,0,0,0,0,0,0,0,0,2,2,2,2,2,2,2,2,2,2,2
7801369428,1,2,3,5,5,5,8,8,8,10,10,17,17,21,21,24,25,28,28,31,32,33,33
7004683292,3,3,3,6,6,6,9,9,9,9,9,9,9,10,10,12,12,14,14,20,20,22,25
35614807500,0,0,0,0,0,6,6,6,7,7,10,10,10,10,11,12,12,12,19,23,23,24,25
23006800500,0,0,0,0,0,0,0,0,0,0,0,0,0,0,0,0,0,0,0,0,0,0,6
7004535868,0,0,0,0,0,0,0,0,0,0,0,0,0,0,0,0,0,0,0,0,0,4,4
35733154400,0,0,0,0,0,0,0,0,0,0,0,0,0,0,0,0,0,0,0,0,0,10,10
7004343792,0,0,0,5,5,5,5,5,5,5,5,5,5,5,5,5,5,5,5,5,5,5,5
6701763014,0,0,0,0,0,0,0,0,0,0,0,0,0,0,0,0,0,0,0,0,13,13,13
6602911322,3,3,3,3,3,3,3,3,3,3,3,3,3,8,9,9,9,9,9,9,9,9,9
6603681338,0,0,3,3,3,3,4,4,7,7,7,7,7,7,18,18,19,19,19,19,19,19,19
6602534799,0,0,0,0,0,0,0,0,0,0,0,0,0,0,0,0,0,0,0,3,3,3,3
6507810254,6,6,6,6,6,6,6,6,6,6,6,6,6,6,6,6,18,18,18,18,18,18,18
56247683800,0,0,8,8,8,8,8,8,8,8,8,8,8,8,8,8,8,8,8,8,8,8,8
6602640938,0,0,0,0,0,0,0,0,0,0,0,0,0,0,0,0,8,20,20,20,20,20,20
6508022939,0,0,6,6,6,6,6,6,6,6,9,10,17,22,24,24,25,26,26,26,26,26,26
7005677150,0,0,0,0,0,0,0,0,0,0,0,6,6,6,6,6,15,18,18,18,18,18,18
56278225500,0,0,0,0,0,0,0,0,0,0,0,0,0,0,0,0,0,0,0,0,0,0,6
7005250309,0,0,0,0,0,0,0,0,0,0,0,0,0,9,9,9,9,9,9,9,9,9,9
7402905263,3,3,3,3,3,3,8,8,8,8,8,8,8,11,11,11,11,11,11,11,17,17,17
6602693523,3,3,3,3,3,3,3,4,4,14,14,14,14,15,17,21,24,26,27,29,34,39,39
8299613700,0,0,0,0,0,0,0,0,0,0,2,2,2,2,5,5,6,6,6,6,6,6,9
7004712588,0,0,0,0,0,0,0,0,0,0,0,0,74,74,74,74,74,74,92,114,115,115,115
6701482585,0,5,5,5,5,5,5,5,5,5,5,5,5,5,5,5,5,5,5,5,5,5,9
6602811591,0,0,0,0,0,0,0,0,0,0,0,0,0,0,0,0,0,0,12,12,12,12,12
35429592600,0,0,0,0,0,31,31,31,51,51,51,51,51,51,51,51,51,51,51,51,51,51,51
7102565203,0,0,0,0,0,0,0,0,0,0,0,0,0,0,0,0,0,0,4,4,4,4,4
6603814242,0,0,0,0,0,0,0,0,0,0,0,0,0,0,0,0,0,6,6,6,6,6,6
56210597200,0,0,0,0,0,8,8,8,18,22,22,22,22,25,25,25,25,35,35,47,57,71,71
6701583332,2,2,3,4,4,4,4,9,9,9,9,15,16,35,35,38,40,40,40,40,40,40,40
6603286383,0,0,0,0,0,0,0,0,0,0,0,0,0,0,4,4,4,4,4,4,4,4,4
6701451918,0,0,0,0,0,0,0,0,0,0,0,0,0,0,0,0,0,0,0,0,0,0,11
6602341538,3,3,3,3,3,3,9,9,9,9,14,17,17,17,17,17,17,17,17,17,17,17,17
6602964831,0,2,2,2,3,3,3,3,3,4,4,4,4,4,5,5,7,7,7,17,17,17,17
6603434954,0,0,0,0,0,0,0,0,0,0,3,3,3,3,3,3,3,3,3,3,3,3,3
7004230885,0,0,0,0,0,0,0,0,0,0,0,0,0,0,0,0,0,0,0,0,3,3,3
6603199777,0,0,0,0,0,0,0,0,0,4,4,4,4,4,6,6,6,6,6,6,6,6,9
6603481766,0,0,0,0,0,0,0,0,0,0,0,2,5,5,5,5,5,12,12,12,12,12,12
7006638913,0,0,0,0,0,0,0,0,0,2,2,2,2,2,2,2,2,2,2,2,2,2,2
7005908279,0,0,0,0,0,0,0,0,0,0,0,0,0,0,0,0,5,5,5,5,5,10,10
7006144847,0,0,0,4,6,7,9,13,13,19,19,20,20,20,20,20,22,22,22,22,22,22,22
7006466160,0,0,0,0,0,0,0,0,0,20,20,20,20,20,20,20,20,20,20,20,20,20,20
7007011750,0,0,0,0,0,0,0,0,0,0,0,0,0,0,0,2,2,2,2,2,2,2,2
56148118400,0,4,4,8,8,10,10,11,11,11,11,11,11,11,11,14,14,14,14,14,14,14,14
6603472220,1,1,1,1,1,1,4,9,9,9,12,17,19,20,22,29,34,43,44,44,46,50,52
6603289652,0,0,5,5,5,5,5,5,5,5,5,5,5,7,10,10,10,10,10,11,11,11,11
57203543425,0,0,0,0,0,0,0,0,0,0,0,0,0,0,0,0,0,0,0,0,0,0,5
7006569893,0,0,0,0,0,0,0,0,0,0,0,0,9,9,9,9,9,9,9,9,9,9,9
6507722126,0,0,0,0,0,0,0,0,0,0,0,0,0,0,0,0,0,5,5,5,5,7,7
7202784806,0,0,0,0,0,0,0,0,0,0,0,0,0,0,0,0,3,3,3,3,3,3,3
22633483800,0,0,0,0,0,0,0,2,2,2,2,4,4,4,4,5,5,7,7,7,7,7,7
8042894900,0,0,0,0,0,0,32,32,32,32,32,32,42,53,53,53,53,53,53,92,92,92,92
7004685265,0,4,4,8,9,9,10,12,12,12,14,15,15,15,15,15,20,30,34,40,42,42,44
7004308954,0,0,0,0,0,6,6,6,6,7,14,17,17,24,24,30,33,40,42,53,53,53,70
6602985670,1,1,1,1,1,1,1,1,1,1,1,1,1,1,1,1,1,1,1,1,1,1,1
6602453974,0,0,0,0,0,0,0,0,0,0,0,0,0,4,4,4,4,4,4,4,4,4,4
6603422890,0,0,0,0,0,0,0,0,0,0,0,0,0,0,0,0,5,5,5,5,5,5,5
6603515780,0,0,0,0,0,0,0,0,0,0,0,0,0,3,3,3,3,3,3,7,7,15,15
6701736254,3,4,4,4,4,5,6,13,14,14,14,14,18,34,53,54,64,72,81,84,88,93,96
6602436631,0,0,0,0,0,0,0,0,0,0,0,0,0,2,2,2,2,2,2,2,2,2,2
6602315762,0,0,0,0,0,0,0,0,0,0,0,0,0,0,0,0,0,0,0,5,5,16,16
7005560313,0,0,0,0,0,0,0,0,0,0,0,0,0,0,1,1,1,1,1,1,1,1,1
7101689451,0,0,0,0,0,0,0,0,0,0,7,7,7,7,7,7,7,18,18,18,18,18,18
6603419302,0,0,0,0,0,0,0,0,0,0,0,0,0,0,10,16,28,28,28,28,42,42,43
35974264700,0,0,0,0,0,0,0,0,0,3,3,3,6,6,6,6,11,11,13,13,18,18,18
9533992100,0,0,0,0,0,0,32,32,32,32,32,32,32,32,40,40,94,94,94,94,126,126,126
26643051400,0,0,0,0,0,0,0,0,0,0,0,0,0,0,0,0,2,3,3,3,4,4,4
6506368184,6,6,6,6,7,7,7,10,14,17,19,22,26,33,35,40,72,73,82,84,85,89,89
7402213617,0,0,3,3,3,3,3,3,3,3,3,3,3,3,3,3,3,3,3,3,3,3,3
7006255373,0,0,0,0,0,0,0,0,0,0,0,0,0,0,0,0,0,0,7,7,7,7,7
35241679100,0,0,0,0,0,6,6,6,6,6,6,6,6,6,16,16,30,30,105,105,105,105,105
7003413322,0,0,0,0,0,0,0,0,0,0,10,10,10,10,13,13,13,13,13,13,13,13,13
9639640100,0,0,0,0,0,0,0,5,5,9,9,9,9,9,9,9,9,9,9,9,9,9,9
36012356800,0,0,0,0,0,0,0,0,0,0,9,9,9,9,9,9,9,9,9,9,9,9,9
6602214902,0,0,0,0,0,0,0,0,0,0,0,0,0,0,0,0,0,0,4,4,4,4,4
7004292093,0,1,5,5,6,6,6,8,8,8,9,13,13,16,16,19,19,19,19,19,20,22,22
57193304887,1,1,3,5,10,11,13,21,22,23,25,25,28,28,28,36,40,42,43,43,47,49,51
7004848726,0,0,0,0,0,12,12,12,12,12,16,16,16,16,16,21,33,53,53,62,62,66,66
6602322388,2,4,4,5,6,6,8,10,12,15,17,18,22,25,29,29,31,32,32,35,35,35,38
57203238151,0,0,0,0,0,0,0,0,0,0,0,0,25,25,25,25,25,34,42,42,42,42,42
7402314968,0,0,0,0,0,0,0,0,0,0,0,0,0,0,2,2,2,2,2,2,2,2,5
6601909886,0,4,4,8,14,14,14,14,17,19,20,20,23,26,28,36,36,36,36,36,36,36,36
6701445659,0,0,0,3,3,3,3,3,3,3,3,3,3,3,3,3,3,3,3,3,3,3,3
6602521498,0,9,9,9,9,9,14,14,18,18,18,18,23,25,26,26,26,26,26,26,33,33,33
6602831096,0,3,3,3,3,9,9,9,9,9,9,11,11,11,11,16,16,16,16,16,17,24,24
56368980200,0,0,5,5,5,5,8,8,8,8,8,8,37,37,43,82,106,107,111,111,141,141,163
54951455800,0,0,0,0,0,0,0,0,0,0,0,0,0,0,0,8,13,13,13,17,17,17,17
7004638348,0,3,3,3,3,3,3,3,15,22,41,44,65,66,67,77,84,103,103,103,103,103,103
56228127700,0,0,0,0,2,2,2,2,2,2,2,2,2,2,2,2,2,2,2,2,2,2,2
56235674800,0,0,0,0,0,0,0,0,0,0,0,0,0,0,0,0,0,21,21,21,37,37,37
6602633253,2,2,2,2,2,2,3,4,4,13,55,55,56,58,58,58,62,63,63,70,74,75,75
6602209158,0,0,0,0,0,0,0,0,0,0,0,0,0,0,0,0,4,4,8,8,8,8,8
7004637930,0,0,0,0,0,0,0,0,0,0,0,0,0,0,0,0,0,0,0,0,7,13,13
6602608214,1,1,1,1,1,4,4,5,6,10,13,17,22,25,27,27,32,36,42,46,47,52,57
7102694116,0,0,0,0,0,0,0,6,6,8,8,10,12,12,13,13,15,16,16,16,16,16,16
7401926637,7,7,7,7,8,8,10,12,14,15,15,23,24,36,37,39,41,44,44,44,47,47,50
6602268862,2,2,2,2,2,2,4,9,14,16,23,28,29,31,34,40,40,40,40,47,47,53,54
7003276566,1,1,1,1,1,1,1,1,1,1,1,1,1,1,1,1,1,1,1,1,1,3,3
6603638603,0,0,5,5,5,5,5,5,5,15,15,15,15,15,15,15,15,15,15,15,15,15,15
6507708441,3,3,3,3,3,7,7,7,7,7,12,18,22,31,67,70,77,105,107,108,108,154,154
7007030184,0,0,0,0,0,0,0,0,0,0,0,0,0,0,0,0,0,12,12,12,12,12,12
55943505400,0,0,0,0,4,4,4,4,4,4,4,4,4,5,5,5,5,5,5,5,5,5,5
7003883528,0,0,0,0,0,0,0,0,0,0,0,0,0,0,7,7,7,7,20,20,20,20,20
7004838376,0,0,0,0,0,0,0,0,0,0,0,0,0,0,0,0,0,0,0,0,0,6,6
9845365600,4,4,4,4,4,4,4,4,4,4,4,4,4,4,4,4,4,4,4,4,4,4,4
6508004741,0,0,0,0,0,0,0,0,0,0,0,1,1,1,1,1,1,1,1,1,1,2,2
7003838359,0,0,0,0,0,0,0,0,4,4,4,4,79,85,100,100,102,102,127,127,193,193,206
6603766239,0,0,0,0,0,3,3,3,3,3,3,3,3,3,8,8,8,8,8,8,8,8,8
7004240251,0,0,9,18,18,18,18,18,19,19,19,19,19,19,19,19,19,20,27,33,37,37,37
7003726817,0,0,0,0,0,4,6,6,7,7,9,11,18,19,22,24,24,24,24,24,24,25,25
6701843880,0,0,0,0,0,0,0,0,0,0,0,0,0,0,0,9,9,9,18,30,33,46,46
26643611000,0,0,0,0,0,0,6,6,6,6,6,6,6,6,6,6,6,6,6,6,6,6,6
55937777700,0,0,0,0,0,0,0,0,0,0,0,0,4,4,4,4,11,11,11,11,21,21,21
6602396178,0,0,7,7,7,7,7,7,7,7,7,7,31,31,33,33,33,33,33,33,33,33,33
6602211514,0,0,0,0,0,0,0,0,0,0,0,0,0,0,0,0,5,5,5,5,5,5,5
6603445604,0,0,0,1,3,3,3,4,10,13,17,20,22,30,33,37,45,48,51,53,54,59,61
6603366003,2,2,2,5,5,5,7,7,7,7,7,7,17,24,29,32,45,52,65,71,79,86,91
35614416800,4,4,4,4,4,7,11,11,11,17,29,37,53,59,64,73,88,99,107,134,140,152,172
7005196696,0,0,6,6,6,6,6,6,13,21,21,21,21,21,21,21,21,21,30,30,30,42,46
7401840228,0,0,0,0,10,10,10,10,10,10,10,10,10,10,10,10,10,10,10,10,10,10,10
18133521500,0,0,0,0,0,0,0,0,0,0,0,0,0,2,2,3,3,3,3,3,3,4,4
56250454900,0,0,2,2,2,2,2,2,2,4,6,6,6,8,8,8,8,8,8,12,12,12,12
6602912525,0,0,0,0,0,0,0,0,0,0,0,0,0,0,0,0,0,0,0,0,0,4,4
7101698999,0,0,0,0,0,0,0,0,8,8,8,8,8,12,12,18,18,27,27,30,30,48,48
7005931096,2,2,4,4,6,6,6,6,6,6,6,8,9,10,14,20,25,26,30,34,37,40,49
6603848988,0,0,0,0,0,0,4,4,4,4,4,4,4,4,4,4,4,4,4,4,4,4,4
56094438300,0,0,0,0,0,0,0,0,0,0,0,1,1,2,3,3,3,6,6,6,8,8,8
6602764833,4,11,11,11,11,11,11,11,11,11,13,13,15,34,40,42,54,84,84,87,88,88,93
7103308412,2,2,2,2,2,5,5,6,6,6,6,6,10,12,12,12,12,12,16,17,17,17,17
55749277300,6,7,7,7,9,9,11,11,11,11,11,11,15,15,15,15,15,18,22,22,27,34,44
7004915798,0,0,0,0,0,0,0,0,0,0,0,0,7,7,7,7,7,7,7,7,7,7,7
6603783202,0,0,0,0,0,0,0,0,0,0,0,0,0,8,8,8,8,8,8,8,8,8,8
6603939644,5,8,10,10,17,22,28,36,36,37,37,40,43,66,74,82,97,106,112,114,117,123,123
35546188200,0,0,0,14,14,14,14,14,14,14,14,14,14,14,14,17,41,41,41,41,41,41,41
36741558600,0,0,0,0,0,0,0,0,0,0,0,0,0,0,0,0,0,0,0,0,4,4,4
8846166700,0,0,0,0,0,0,0,0,0,0,0,0,0,0,0,0,25,25,25,30,30,30,30
7404560162,0,0,0,0,0,0,0,0,0,0,0,0,0,0,0,0,0,0,0,0,77,77,94
7101805846,0,0,0,0,0,0,0,0,13,13,13,13,65,65,65,65,71,71,71,71,71,71,71
6602835254,0,0,0,0,0,0,0,0,0,0,0,0,7,7,7,7,7,7,7,7,7,7,7
7006231258,0,0,0,0,0,0,0,0,0,0,0,8,8,8,8,8,8,8,8,8,8,8,8
6603067524,0,0,0,0,0,0,0,0,0,0,0,0,0,0,6,6,6,31,45,59,68,68,70
56240190000,0,0,0,0,0,0,0,0,0,0,0,0,0,0,5,5,5,5,5,5,5,8,8
6602322961,0,0,0,0,0,0,0,0,2,2,2,2,2,2,2,2,2,2,6,6,6,6,6
7003638534,0,0,0,0,0,0,0,0,3,3,3,3,3,3,3,3,3,3,3,3,3,3,3
7004544211,0,0,0,0,0,0,0,0,0,0,0,0,0,0,14,14,14,14,70,70,70,70,111
35866755600,0,0,4,4,4,4,4,12,33,33,36,36,36,36,45,45,45,53,58,70,70,70,70
35565372000,6,6,11,13,13,20,21,33,33,36,37,37,56,56,62,69,74,74,93,101,110,126,127
6603592269,3,3,3,3,6,6,6,8,8,8,8,8,9,9,9,9,9,9,9,9,9,9,9
6602462970,0,0,0,0,0,0,0,0,0,0,0,0,0,0,0,0,0,0,0,0,0,6,6
6602093215,0,0,0,0,0,0,0,0,0,0,0,0,0,0,0,0,0,0,28,28,28,28,28
6603810234,0,0,0,0,0,0,0,0,0,0,0,0,0,0,0,0,0,0,23,23,23,23,23
6701416448,0,0,0,0,0,0,0,0,0,0,0,0,0,0,0,0,0,0,0,0,25,25,28
56644396100,3,3,3,3,3,11,11,13,13,13,13,13,13,13,13,13,13,13,13,13,13,13,13
6603273802,0,0,0,0,0,0,0,0,0,0,0,0,0,0,0,0,0,0,0,4,4,4,4
8976944900,0,0,0,0,0,0,0,0,0,0,0,0,73,80,80,80,80,80,80,80,80,80,80
6602433593,0,0,0,0,4,4,4,4,4,4,4,4,4,4,4,4,4,4,4,4,4,4,4
6701720372,0,0,0,0,0,0,0,0,0,0,0,0,6,6,6,6,13,13,13,13,13,13,13
6603873026,0,3,3,3,3,3,3,3,3,3,4,4,4,4,4,4,4,4,5,5,5,5,5
7007047134,0,0,2,2,2,2,16,16,16,16,56,57,104,104,122,122,174,174,204,204,204,204,204
55944424900,5,5,5,5,5,5,5,5,7,7,14,14,20,22,29,34,37,44,52,56,56,65,72
6603751264,2,2,3,8,8,8,10,15,15,16,17,20,23,26,34,36,36,37,39,44,51,55,58
6602311560,0,0,0,3,3,7,7,9,9,11,12,14,14,17,17,23,28,35,39,41,41,46,47
7004145055,3,4,4,4,4,4,4,4,4,4,4,4,4,5,5,5,5,5,5,5,5,5,5
6602699021,0,0,0,0,0,0,0,0,0,0,0,0,0,0,0,0,0,0,1,1,1,1,1
6602462221,0,0,0,0,0,0,0,0,0,0,0,0,0,0,1,5,5,5,5,5,8,8,8
6701848622,0,0,0,0,0,0,0,0,0,0,0,0,0,0,0,0,0,0,6,6,6,6,6
6601925064,0,0,0,0,1,2,2,2,3,3,5,5,7,8,8,8,8,8,8,8,8,8,8
6602677221,0,0,0,0,3,3,3,3,3,3,3,3,3,3,3,3,3,3,9,9,9,9,9
6603304145,2,2,3,6,6,6,8,8,8,9,10,10,10,10,13,16,16,18,20,21,21,21,21
55171778800,0,0,0,0,0,0,0,0,0,0,6,6,6,6,6,6,6,6,6,6,6,6,6
8237823900,0,0,0,0,0,0,0,0,0,4,4,4,4,4,4,4,4,4,4,4,4,4,4
24468512900,0,0,0,0,0,0,0,0,0,0,0,0,0,0,0,0,85,85,109,109,123,123,123
7006064444,0,0,0,0,0,0,0,0,0,0,65,65,65,65,73,73,73,73,73,73,73,73,73
6506843417,0,2,2,2,2,2,5,5,5,6,6,7,9,10,15,18,23,24,26,27,32,32,32
7404494264,0,0,0,0,0,0,0,0,0,0,0,0,0,0,0,0,0,0,0,0,77,77,94
6603700260,0,0,0,0,0,0,0,0,0,0,0,0,0,0,0,0,0,0,6,6,6,6,6
6603294001,0,0,0,0,0,0,0,0,0,0,0,0,0,0,0,0,0,10,10,10,10,10,10
6602980347,0,0,0,0,0,0,0,0,0,0,0,0,3,3,3,3,3,3,3,3,3,3,3
7004423897,0,0,0,2,27,27,27,27,27,27,28,32,35,35,35,35,35,35,36,36,40,40,40
7005022376,0,0,0,0,0,0,0,0,0,0,0,0,0,0,2,2,2,2,2,2,2,2,2
35234073100,2,2,2,2,2,2,3,4,4,4,9,11,13,14,14,14,14,14,16,18,22,24,24
7102621718,0,0,0,0,0,0,0,0,0,0,0,0,0,0,0,0,4,4,5,9,9,9,9
55975739300,6,10,10,14,14,14,14,19,19,19,19,19,19,19,19,19,19,19,19,19,19,19,19
7006687116,0,0,0,0,0,0,0,2,4,4,7,7,8,8,8,8,10,10,12,14,16,24,28
7004240858,0,0,0,0,0,0,0,0,0,5,5,12,14,14,14,14,14,14,14,14,14,14,14
7102269047,2,3,3,3,9,12,12,13,13,15,17,22,25,33,35,40,44,48,50,61,61,61,61
7102462573,0,0,0,0,0,0,0,0,0,0,0,0,0,0,0,0,0,0,0,0,0,16,16
9534144000,0,0,0,0,0,0,0,0,0,0,0,0,0,0,0,0,0,0,0,0,0,5,5
7006332019,0,5,5,5,5,5,5,5,5,6,6,6,7,7,9,9,16,19,22,22,29,29,29
6603879325,0,0,0,0,0,0,0,0,0,10,19,22,22,48,55,55,76,86,86,95,99,104,104
56519409700,5,5,5,8,8,8,8,8,8,8,8,8,8,8,8,8,8,8,8,8,8,8,8
7006767394,0,0,0,0,0,0,0,0,0,0,0,0,0,0,0,0,46,46,46,46,46,46,46
56229059700,0,0,20,20,41,41,60,60,65,65,89,95,132,133,158,161,199,208,221,221,269,274,313
55497053200,0,0,0,0,0,0,0,0,0,0,0,0,0,0,3,3,8,11,22,24,25,26,29
23470838700,0,0,0,0,0,0,0,0,0,0,0,0,0,0,0,0,0,0,0,0,0,0,4
6506261544,3,7,7,8,8,8,8,12,12,12,12,12,14,14,14,14,21,22,22,22,22,23,23
35461328600,0,0,0,0,0,0,10,10,11,11,26,26,97,104,110,110,110,110,110,110,110,110,110
6603469014,0,0,0,2,2,2,2,2,2,2,2,2,2,2,2,2,2,2,6,6,6,6,6
6602578797,0,0,0,0,0,0,0,0,0,0,0,0,0,0,0,0,0,5,5,5,5,5,5
6602484331,0,0,0,0,0,0,0,0,0,0,0,0,8,8,8,8,8,8,8,8,8,8,8
7102093894,0,0,15,15,15,15,15,15,15,15,15,15,15,15,15,15,15,15,15,15,15,15,15
6701648944,0,4,4,4,8,8,9,9,11,11,20,20,23,23,23,23,23,23,23,23,23,23,23
7004048136,0,0,0,0,0,0,0,0,0,0,0,0,0,0,0,2,2,2,2,2,2,2,2
7003352471,5,5,6,10,10,11,13,14,17,25,28,31,37,39,41,41,41,46,48,48,49,53,57
6603085502,0,0,0,0,0,0,0,0,0,0,0,0,0,0,0,0,0,0,5,5,5,5,5
8064302800,2,3,3,3,3,3,3,3,3,3,4,8,11,12,16,16,18,23,23,23,25,25,25
7003897842,0,0,0,0,0,0,18,18,33,33,35,71,78,79,79,79,79,104,149,149,191,191,220
35381539000,43,43,43,43,60,60,67,67,84,84,110,110,110,110,141,141,168,168,168,168,168,168,168
6701854471,0,0,0,0,0,0,0,0,12,12,19,19,19,19,19,31,31,31,31,31,31,31,31
6602663308,0,0,0,0,0,0,4,4,4,4,4,5,5,5,5,5,5,5,5,5,5,6,6
6603664326,3,3,3,3,3,3,3,7,7,7,7,7,7,7,7,7,7,7,7,7,7,8,8
17636485800,0,0,0,0,0,0,0,0,0,4,4,4,4,4,4,4,4,4,4,4,4,4,4
6602622523,2,2,3,3,7,7,7,8,9,9,9,9,11,12,14,16,19,19,19,19,19,19,19
6602517182,0,0,0,0,0,0,0,22,36,38,42,48,58,60,65,65,71,79,82,87,105,105,108
6701563376,0,0,0,0,2,2,4,4,4,4,4,4,4,4,4,7,7,7,7,7,7,7,7
6602316855,0,0,0,0,0,0,0,0,0,0,0,0,0,0,0,0,0,0,0,0,0,0,2
7102000914,0,0,0,0,0,0,0,0,0,0,0,0,0,0,0,0,1,1,1,1,1,1,1
6602681939,0,2,2,2,2,2,2,4,7,7,9,10,11,11,12,14,17,20,20,20,20,20,20
36789935200,0,6,12,12,12,12,12,12,12,12,22,22,29,29,37,37,86,87,100,108,119,141,161
56619797900,0,0,0,0,0,0,0,0,0,0,0,0,0,0,0,0,0,0,0,0,0,15,15
6602927309,0,0,1,2,2,2,2,2,3,3,6,6,6,16,16,19,19,22,23,24,26,31,35
6602538833,0,0,0,0,0,0,0,0,0,0,0,0,7,7,7,14,23,33,33,33,38,38,38
6507723875,0,0,0,0,0,0,0,0,0,0,0,0,0,0,0,7,7,7,7,7,7,7,7
35228207600,0,0,0,0,56,56,56,56,56,56,56,56,56,56,56,56,71,71,71,71,71,71,78
6603631597,0,0,0,0,0,10,16,16,16,16,20,20,20,20,20,20,20,20,20,30,30,31,31
36814085200,0,0,0,0,0,0,0,0,0,0,0,0,0,0,0,1,1,1,1,1,1,1,1
6602676600,0,0,0,0,2,2,2,2,2,2,2,2,2,2,2,4,4,4,4,4,4,4,4
7006408173,1,1,1,1,1,1,1,3,3,3,3,3,3,3,3,3,3,3,3,3,3,3,3
7101728507,0,0,0,0,0,1,1,1,2,9,10,10,10,10,10,11,11,11,19,20,20,22,23
7101987346,0,0,0,0,0,0,0,0,0,0,13,41,49,53,67,68,70,70,87,100,108,140,143
6602151340,0,0,0,0,0,0,0,0,0,0,0,0,0,3,3,3,3,3,13,16,16,16,16
7203034481,0,0,0,0,0,0,0,0,0,0,2,2,7,15,31,34,37,40,40,51,53,60,61
56240264900,0,0,0,0,0,0,0,0,0,0,0,0,0,0,7,9,10,10,12,12,12,12,12
6603598569,3,5,6,6,6,6,6,6,6,11,11,11,15,27,28,31,33,36,36,37,39,49,54
6507369082,0,0,0,0,4,4,4,4,4,4,4,4,11,12,19,21,25,32,32,32,32,32,36
6602351509,0,0,2,2,2,2,2,2,6,6,6,6,7,7,7,7,8,8,10,10,10,10,10
7101724725,0,0,0,0,0,0,0,0,0,2,8,8,8,11,11,13,16,19,20,24,39,48,50
7003964383,0,0,0,0,0,0,0,0,0,0,0,0,0,13,13,13,13,13,13,13,13,13,13
7406417594,0,0,0,0,0,0,7,7,7,7,7,7,7,7,7,7,7,7,7,7,7,7,7
15819525100,1,1,1,1,3,3,3,3,3,3,3,3,3,3,3,3,5,5,5,5,5,5,5
57194754995,0,0,0,0,0,0,0,0,0,0,0,0,0,0,0,0,0,0,4,4,4,4,4
6701818615,0,0,0,0,0,0,0,0,3,3,3,3,3,3,3,3,3,3,3,3,3,3,3
55665885400,0,0,0,0,0,0,0,0,0,0,0,0,0,0,0,0,0,0,0,0,0,4,4
55582680900,0,0,0,0,0,0,15,15,15,15,15,15,89,89,89,89,89,89,89,89,89,89,89
7006368713,0,0,0,0,0,0,43,43,121,121,182,207,275,275,348,369,421,421,540,551,551,551,551
35285418800,0,0,0,15,15,15,15,15,15,15,15,16,16,16,16,16,29,29,29,33,33,33,33
9534599800,0,0,17,17,34,34,60,60,60,60,60,60,69,69,87,87,87,87,87,126,126,126,126
6603473953,0,0,0,2,2,2,2,4,4,4,4,4,5,5,5,8,8,8,8,10,18,21,21
7004546685,0,0,0,2,12,39,60,63,72,76,76,84,89,109,113,118,125,137,137,155,163,171,181
7004303904,0,2,2,2,9,9,14,16,17,18,19,20,22,22,22,22,22,23,23,23,25,25,25
8954224400,0,0,0,0,0,0,0,0,0,0,0,0,0,0,0,5,5,5,5,5,5,5,5
6603191515,7,7,9,9,10,12,12,13,13,13,14,19,27,34,34,43,43,45,47,47,51,54,56
35610141200,0,0,0,1,1,1,1,1,1,2,2,2,2,2,2,4,5,5,5,5,5,5,7
56450881700,2,2,2,3,3,19,19,19,20,20,22,22,26,26,26,26,45,45,48,48,48,49,49
57193077247,0,0,0,0,0,0,0,0,0,0,0,4,4,4,4,4,4,4,4,4,4,4,4
7006022077,0,0,0,0,0,0,0,0,0,0,0,0,0,0,50,50,50,50,50,50,50,50,50
7003417210,0,0,1,2,2,2,5,7,11,11,11,11,13,15,15,15,17,19,19,20,20,21,29
7003593801,2,2,2,2,2,2,2,2,2,2,2,7,7,10,10,11,16,16,16,24,24,24,31
56055469700,0,0,0,0,0,0,0,0,0,0,0,0,0,0,0,0,0,0,0,0,0,5,5
7102103998,3,3,5,5,9,9,9,9,11,12,15,16,18,21,26,29,35,35,35,35,35,37,37
6602990191,0,0,0,0,0,0,0,0,0,0,0,0,0,0,0,0,0,0,0,0,10,10,10
6603577221,0,0,0,0,0,0,0,0,0,0,0,0,0,8,8,8,8,8,8,8,8,8,8
7007146429,0,0,0,0,0,0,16,16,16,16,31,31,31,31,31,44,44,44,44,44,44,44,44
6701664414,4,4,4,4,4,4,4,4,4,4,4,4,4,5,5,5,5,5,5,5,5,5,5
7005139661,0,0,0,0,0,0,0,0,0,0,0,0,0,0,0,0,1,1,1,1,1,1,1
7003464458,0,0,4,4,11,11,11,11,11,11,11,11,11,11,11,11,11,11,11,11,11,11,11
6602673938,0,0,0,0,0,0,0,0,0,0,0,0,0,0,0,0,2,2,2,2,2,2,2
6602527979,0,0,0,0,0,0,5,11,11,11,11,11,11,11,11,11,11,11,11,11,11,11,11
21735170800,0,0,0,0,0,0,0,0,0,0,0,16,16,16,16,16,16,16,16,16,16,16,16
55902808000,0,0,0,0,0,0,0,0,0,6,6,6,8,8,8,8,8,8,8,8,8,8,15
6603168559,0,0,0,0,0,0,0,0,0,0,36,36,36,39,42,43,43,43,47,54,75,75,81
6602882069,0,0,0,0,0,0,0,2,2,2,2,2,2,2,2,2,2,2,2,2,2,2,2
7006424590,0,0,0,0,0,0,0,0,0,0,0,0,0,0,0,0,0,0,0,0,6,6,6
7102764593,0,0,0,0,0,0,0,0,0,0,0,0,0,0,0,0,0,0,0,0,4,4,4
8068431700,0,0,35,35,45,45,99,99,131,131,166,166,263,269,335,335,369,369,400,400,417,424,433
7004222586,0,0,0,0,0,0,8,8,8,8,13,14,14,16,16,21,21,21,26,26,26,30,37
6602144904,0,0,2,3,3,3,3,7,8,10,10,18,24,35,36,39,40,42,43,46,46,50,50
13403382600,0,0,0,0,0,0,0,0,3,3,3,3,7,12,12,12,15,15,15,16,16,16,16
6507182197,2,2,5,6,6,6,8,8,10,10,10,10,11,23,23,23,27,27,27,32,34,34,34
6603035363,0,0,0,0,0,0,0,0,0,0,0,0,0,0,0,0,0,0,0,5,5,8,8
6507369260,0,0,0,0,0,0,0,0,3,3,3,3,6,6,6,6,9,9,9,9,9,9,9
14032719100,0,0,0,3,3,11,22,26,33,38,43,48,54,54,76,79,92,99,102,111,112,126,127
55665628700,2,2,2,2,2,2,2,2,2,2,3,3,3,3,3,5,5,5,5,7,9,9,9
8891049700,0,0,0,0,0,23,26,29,31,36,36,47,48,49,50,53,55,59,60,60,68,71,79
6602861600,2,2,2,3,3,3,3,16,20,20,20,36,36,59,59,59,59,59,59,62,62,62,62
6602689699,1,1,1,6,7,9,9,13,13,15,20,23,45,47,50,53,59,62,64,65,67,67,67
6701686506,1,1,1,11,12,14,16,24,32,35,44,50,52,62,65,65,65,71,72,72,72,72,72
6602655361,0,0,0,0,0,0,0,0,0,0,0,0,6,12,16,16,16,16,16,16,16,16,16
55807281200,0,0,0,0,0,0,0,0,0,0,0,0,0,0,0,0,0,0,1,6,6,6,6
6602218144,0,1,2,2,2,2,2,3,6,8,9,9,11,11,11,11,11,11,11,11,11,11,11
7007005363,0,0,0,0,0,0,0,3,3,3,3,7,17,17,18,19,19,19,25,27,32,33,39
6603383982,2,2,2,3,3,3,6,9,9,21,42,64,69,75,93,107,112,119,123,127,132,158,175
6701658059,0,0,0,0,0,0,0,0,0,0,0,0,0,0,0,0,0,0,0,0,77,77,77
24721596500,0,0,0,0,0,0,2,9,9,9,9,20,29,29,32,32,32,38,38,38,38,38,38
6603358092,1,1,1,2,2,2,2,5,5,6,6,6,13,16,21,22,25,35,35,35,35,35,37
7004324747,0,0,0,0,0,0,0,0,34,34,34,34,34,34,41,41,41,41,41,41,41,41,41
55601834700,0,0,0,0,0,0,0,0,0,0,0,0,0,0,0,0,0,0,0,7,7,7,7
56003967400,0,0,3,3,3,3,3,3,3,7,7,11,11,11,11,13,13,15,15,21,21,21,21
55881693600,0,0,0,0,0,0,0,0,0,0,0,0,0,5,5,5,5,5,5,5,5,5,5
8912396900,0,0,0,0,0,0,0,0,0,0,0,0,0,0,7,20,20,20,30,38,38,51,51
7004781663,0,3,3,3,3,3,3,3,3,3,3,3,3,3,3,3,3,3,3,3,3,3,3
7006856889,0,0,0,0,0,0,0,0,0,0,0,0,0,0,0,0,0,7,7,7,7,7,7
6603150336,0,0,0,0,0,0,0,0,0,0,4,4,4,4,4,4,4,4,4,4,4,4,4
6602869619,0,0,0,0,0,0,0,0,0,0,0,0,0,0,0,0,0,0,0,38,38,38,38
7005119551,0,0,0,0,0,0,0,0,0,0,0,0,0,0,12,12,12,17,17,23,23,36,36
7006837939,0,0,0,0,0,0,0,0,0,0,0,0,0,0,0,5,5,5,5,7,7,11,11
6701485260,0,0,0,0,0,0,0,0,0,0,0,0,0,0,0,0,0,0,0,0,0,0,10
6603824308,0,0,0,0,0,0,0,0,0,0,0,0,0,0,0,0,0,0,4,4,4,4,4
57200949654,0,0,0,0,0,0,0,0,0,0,0,0,0,0,0,0,0,0,0,1,1,1,1
6602782540,0,0,1,1,1,2,3,5,5,6,7,8,8,8,8,9,9,9,11,11,14,14,14
7401799516,0,0,0,0,0,0,0,0,0,0,0,0,0,0,0,0,0,2,8,11,11,11,11
6602894319,0,0,0,0,0,0,0,0,0,2,2,3,6,6,7,7,8,9,10,12,13,13,13
7005569463,2,3,3,3,3,9,9,14,19,19,22,26,28,35,36,38,41,44,45,52,59,62,70
7003803867,0,0,0,0,0,0,0,0,0,0,0,0,0,0,0,0,42,42,42,42,58,58,58
7006576695,3,3,3,10,10,10,10,13,13,14,14,17,17,17,19,20,21,28,34,37,38,42,42
7003989562,0,0,0,3,5,5,25,27,42,51,76,76,95,95,108,113,157,157,179,179,207,209,212
7004254218,2,2,2,2,2,4,4,4,4,4,6,7,7,10,10,10,10,13,16,16,16,27,28
11142043600,3,3,3,3,5,5,9,9,9,14,20,28,32,42,49,69,77,93,98,110,110,120,127
6507679288,0,0,3,3,3,3,3,5,5,6,6,7,7,7,8,9,9,12,12,12,12,12,12
10241215700,0,0,3,3,3,4,4,4,4,4,4,10,10,10,10,12,12,18,18,19,22,22,23
6603787818,1,1,1,1,1,4,5,5,5,8,12,12,12,12,15,20,20,25,25,26,26,26,26
6602475752,0,1,1,1,8,19,19,23,23,38,39,44,52,52,52,52,52,52,52,52,52,60,73
6601995066,0,0,0,0,0,0,0,0,0,0,0,0,0,0,0,0,0,0,0,0,6,18,18
7004267004,0,0,0,0,0,0,0,0,0,0,0,0,0,3,3,3,3,3,3,3,3,3,3
7201636327,0,0,0,0,0,0,0,0,0,0,0,0,0,0,0,13,13,13,13,13,13,13,13
7003468404,0,0,4,4,6,6,6,8,8,8,8,8,8,8,11,11,14,14,14,15,15,20,20
6701914677,0,0,0,0,0,0,0,0,0,0,0,4,4,4,4,4,4,4,4,4,4,4,4
6602583167,0,0,0,0,0,0,0,0,0,0,0,0,0,3,4,8,8,8,9,9,9,9,9
56260221300,0,0,0,0,0,0,0,0,0,0,4,4,4,4,4,4,4,4,4,4,4,4,4
6602762835,0,0,0,0,3,3,3,3,3,3,3,3,3,3,3,3,3,3,3,3,3,3,3
6603514461,0,0,0,0,0,0,0,0,0,0,0,0,8,12,16,20,21,28,32,33,33,33,33
6602918355,0,0,0,0,0,0,0,0,3,3,5,6,12,12,12,12,12,14,24,33,35,37,37
6508114677,0,0,0,0,0,0,0,0,0,0,0,0,0,0,0,0,0,4,4,4,4,4,4
6603791460,0,0,0,0,0,0,0,0,0,0,0,0,0,0,0,5,5,5,5,5,5,5,5
35175444300,2,2,2,2,2,2,3,3,3,3,3,3,3,3,5,5,5,7,8,8,8,8,11
6602705995,0,0,0,0,6,6,6,6,6,6,6,6,6,6,6,6,6,6,6,6,6,6,6
6603087955,0,0,0,6,6,8,11,12,12,12,12,12,19,24,24,24,24,24,24,28,28,28,28
7005044927,0,0,0,0,0,0,0,0,1,1,4,4,6,6,6,6,7,9,9,9,9,13,13
16042248500,0,0,0,0,0,0,0,2,2,4,7,8,21,26,29,44,46,50,58,128,136,137,148
56221481200,0,0,0,0,0,0,0,0,12,19,110,118,141,155,198,203,211,223,254,256,307,307,325
7006530527,0,0,0,0,0,2,2,2,2,2,4,4,4,4,4,4,4,4,4,6,6,6,6
7102707956,0,0,0,0,0,0,0,0,0,0,0,0,2,2,2,2,4,4,4,4,4,4,4
7003965092,0,0,0,0,0,0,8,8,9,13,13,13,15,15,17,17,17,17,17,17,17,17,17
57191382358,0,0,0,0,0,0,0,0,0,0,0,0,0,0,0,0,0,0,4,5,5,5,5
7004707662,0,3,3,3,3,3,3,3,3,3,3,3,3,3,3,3,3,3,3,3,3,3,3
7003843597,2,2,6,6,10,17,20,24,25,33,46,52,59,62,67,78,79,88,91,99,107,113,121
6603951502,0,2,2,2,2,5,8,8,10,12,14,14,15,15,18,20,27,30,34,34,34,37,40
36047278500,0,0,0,0,0,0,0,9,9,9,9,20,20,20,20,20,20,20,20,20,20,20,20
6602264992,1,1,1,5,5,5,8,15,15,15,18,20,27,29,34,35,45,58,77,79,83,86,87
7004027244,0,0,0,0,0,0,0,0,28,28,30,30,58,58,71,71,71,71,71,71,89,89,89
7006683876,0,2,2,2,2,2,2,2,2,2,6,6,6,6,6,6,6,6,6,12,12,12,12
57204887526,0,0,0,0,0,5,5,5,5,5,5,5,5,5,5,5,5,5,5,5,5,5,5
8964326600,1,4,4,4,4,4,6,6,8,13,23,24,24,27,29,43,50,57,58,64,67,69,90
6603934525,0,0,0,0,2,2,2,2,2,3,3,4,4,4,4,4,4,7,7,7,7,7,7
55167047900,0,3,4,4,4,8,8,9,9,9,11,12,12,16,24,27,34,36,36,40,51,54,55
6603008148,0,0,0,0,0,0,0,0,0,0,0,0,0,0,31,31,31,35,35,35,35,35,35
55928618200,0,0,0,0,0,0,0,0,0,0,0,0,0,0,0,0,0,0,0,8,8,8,8
6602568991,0,0,0,0,0,0,0,0,0,0,0,0,0,0,0,0,0,0,0,5,5,5,5
7004227429,0,0,0,0,0,0,0,0,3,3,3,10,15,15,15,15,15,15,15,15,15,15,15
6602677752,0,0,0,0,0,0,0,0,0,0,0,0,0,2,2,2,2,2,2,2,2,2,2
7003884120,0,0,0,0,0,0,1,1,1,1,1,1,2,2,4,4,4,4,5,5,5,11,11
6603969704,0,0,0,0,0,0,0,0,0,3,3,3,7,7,7,7,7,7,7,7,7,7,7
6603641856,0,0,0,0,0,2,2,6,6,6,10,14,14,28,33,38,43,43,50,57,63,66,82
6603300569,0,0,0,0,0,0,0,0,0,0,0,0,0,2,4,4,4,9,9,9,9,9,11
6602822328,0,0,0,0,0,3,3,3,3,3,3,6,6,6,6,6,6,8,8,8,8,8,8
56186505200,0,0,0,0,0,3,3,4,4,4,6,6,6,6,7,7,7,7,7,7,7,7,7
6603287743,0,0,0,0,0,0,0,0,0,0,0,0,0,0,0,5,5,5,5,5,9,9,9
6602521544,2,2,3,3,4,16,35,37,37,37,38,39,43,46,47,68,82,90,95,102,102,112,123
57204260006,0,0,0,0,0,0,6,6,6,6,6,6,6,6,6,6,6,6,6,6,6,6,6
7201768430,3,3,6,8,8,9,9,9,9,11,11,11,11,12,13,13,13,13,13,13,13,13,13
6602391410,3,3,3,5,6,6,9,9,9,9,9,9,9,9,9,9,9,9,9,9,9,11,11
56023734000,1,1,3,3,10,10,15,15,15,15,16,18,18,18,18,27,27,27,27,27,27,27,27
6701795071,0,0,0,0,0,0,0,0,8,8,8,8,8,13,13,13,13,15,15,15,15,15,15
56243813000,0,0,0,0,0,0,0,0,0,0,0,0,0,0,4,4,4,4,4,4,4,4,20
6603687642,0,0,0,0,0,0,0,0,0,0,0,0,0,0,0,0,0,0,0,38,38,38,38
7004945732,0,3,5,6,6,6,7,10,11,13,13,15,18,19,23,23,25,28,28,32,32,32,36
7004902882,0,0,0,0,0,0,21,21,21,21,21,21,21,26,35,35,35,35,35,35,35,35,35
57202066732,1,1,2,2,5,5,7,7,7,8,8,9,9,9,11,11,12,12,12,12,12,12,12
7101950844,0,0,2,5,5,5,5,6,7,8,8,11,11,15,22,22,22,23,23,23,23,24,25
6602430428,2,2,2,2,2,2,2,4,8,8,8,13,14,15,15,15,15,15,18,18,23,23,23
6603500124,0,0,0,0,0,0,0,0,0,0,0,5,5,5,5,5,5,5,5,5,5,5,5
6602076669,1,1,1,1,1,1,1,1,1,1,1,3,3,3,3,3,5,5,5,5,5,5,7
7003615036,0,0,0,0,0,0,0,0,0,0,4,4,4,4,4,4,4,4,4,4,4,6,6
56037681000,0,0,0,0,0,0,0,0,0,0,0,0,0,2,2,2,2,2,2,2,2,2,2
35314179200,0,0,0,0,0,0,0,0,0,0,0,0,0,13,13,13,13,13,13,13,13,13,13
23097257200,0,0,0,0,0,0,2,2,2,5,5,5,5,5,5,5,5,5,5,5,11,11,12
56213482700,0,0,0,0,0,0,0,0,0,0,0,0,0,0,0,0,0,0,0,0,2,2,2
6508314303,0,0,0,0,0,0,0,0,0,0,0,0,0,0,0,0,0,2,2,2,2,2,2
6603190937,0,0,0,0,0,0,2,2,2,4,4,4,4,8,8,11,11,11,11,13,13,13,13
6701679365,0,0,0,0,0,0,0,0,0,0,0,0,0,0,0,0,0,4,4,4,4,4,4
55926421100,0,0,0,0,0,0,0,0,6,6,10,13,13,18,23,26,31,35,35,35,35,40,48
14066516500,0,0,0,0,0,0,0,0,0,0,0,0,0,0,0,0,0,0,7,7,7,7,7
56212576200,0,0,0,0,0,0,0,0,0,0,0,0,0,0,0,0,0,0,2,2,2,2,2
6603962943,0,0,0,0,0,0,0,0,0,0,0,0,0,0,0,0,0,16,16,16,16,22,22
6701578978,0,0,0,0,0,0,0,0,0,22,22,22,22,22,27,27,27,27,27,27,27,27,34
6603177115,0,1,1,1,1,1,1,1,1,1,12,12,12,12,16,16,16,16,16,16,16,16,16
6604044238,1,3,18,18,18,21,22,25,25,25,27,29,30,35,39,41,43,48,48,50,52,54,64
55902750300,0,0,0,0,0,0,0,0,8,8,9,9,9,9,9,9,9,18,19,28,32,32,32
7003531314,0,0,0,0,0,0,0,0,0,0,5,5,5,5,5,5,5,5,5,5,5,5,5
6604043565,0,0,0,8,8,8,8,17,20,20,20,29,31,31,31,31,31,31,31,31,31,48,48
55998510500,0,0,0,0,0,0,3,6,11,21,25,27,32,32,38,39,43,47,47,47,48,52,53
6507077455,0,0,0,0,4,4,4,4,4,4,4,4,4,4,10,10,19,19,28,28,28,28,28
6603069814,0,0,0,0,0,0,0,0,5,5,5,5,5,5,5,5,5,5,5,13,13,22,22
6602994655,0,0,0,0,0,0,0,0,0,0,0,0,0,0,0,8,8,8,16,16,16,16,16
6602348166,0,0,0,0,9,9,9,9,9,9,9,9,9,9,9,11,11,11,11,11,11,11,11
7006390970,3,3,7,7,10,10,10,14,18,18,18,18,21,32,32,38,39,53,53,55,55,55,59
16244613900,6,11,12,19,24,34,40,47,47,62,69,86,97,105,107,110,116,116,116,116,126,126,126
6602613043,0,0,0,2,2,2,2,2,2,2,2,2,2,2,2,2,2,2,2,2,2,2,2
55881946900,0,2,2,2,2,2,2,2,6,6,6,6,6,6,6,6,6,6,6,6,6,6,6
7006071419,0,0,0,0,0,0,0,0,0,0,0,0,74,74,108,108,138,138,168,168,189,189,279
7004119510,0,0,0,0,0,0,0,0,0,0,0,0,0,0,0,0,5,5,5,5,5,5,10
6701424412,0,0,0,0,0,0,0,0,0,0,0,0,0,0,0,0,0,10,10,10,10,10,10
6603624356,0,0,0,0,0,0,14,14,36,36,52,52,52,52,52,52,52,52,52,52,52,52,52
7403460178,3,5,8,12,12,13,18,19,24,24,24,26,29,33,38,43,43,45,45,50,50,50,50
6602458159,1,3,6,6,9,10,10,11,11,17,17,23,26,28,35,37,42,46,46,48,48,48,49
6603579664,0,0,0,0,0,0,0,0,0,0,0,0,0,0,0,0,0,6,6,6,6,6,6
7004465014,0,0,0,0,0,0,0,0,0,0,0,0,0,0,0,0,0,0,0,0,74,90,111
7004554691,0,0,1,1,1,1,4,6,6,6,6,6,9,19,19,21,21,21,21,21,21,21,21
6602936802,0,0,0,0,0,0,0,0,0,0,2,2,2,3,3,3,3,3,3,3,3,4,4
6603927782,0,0,0,0,0,13,22,23,23,23,23,32,32,32,32,32,32,34,35,35,40,40,40
7003614132,0,0,0,0,0,0,0,0,0,0,0,0,0,0,0,31,31,31,31,31,31,31,31
7006609046,0,0,0,0,0,0,0,0,0,0,0,0,0,0,0,4,4,4,4,4,4,4,4
55957428200,0,0,0,0,0,0,0,0,0,0,0,0,0,0,0,0,0,0,0,9,9,9,11
7402150617,0,0,0,0,0,0,0,0,34,34,34,34,108,108,112,112,112,112,112,112,112,112,112
6603101912,0,0,0,0,0,0,0,0,0,0,2,2,2,2,2,2,2,2,2,2,2,2,2
6701349266,0,0,0,0,0,0,7,7,7,7,7,7,7,7,7,7,7,7,7,7,7,7,7
7003911908,0,0,0,6,6,8,8,10,10,10,10,10,10,10,10,10,10,10,10,10,10,10,10
7003752101,0,0,0,0,0,0,0,0,0,0,0,0,0,0,0,0,0,0,0,6,6,6,6
7004084918,2,2,3,8,11,15,20,23,30,35,37,68,100,114,134,167,187,213,231,272,294,308,325
55958151900,0,0,0,0,0,0,21,21,21,21,21,21,21,21,21,21,21,21,21,21,21,21,21
7005944207,0,0,3,4,4,4,6,7,7,8,8,8,8,8,8,8,9,12,12,12,12,12,12
56086441600,0,0,6,9,9,9,9,12,12,12,12,12,16,16,16,16,16,18,18,18,18,18,18
35254608700,0,0,0,1,1,1,1,3,4,4,4,5,5,6,9,17,20,20,24,31,31,31,34
6701464293,0,0,0,0,2,2,2,2,2,2,2,2,2,2,2,2,2,2,2,2,2,18,18
6603820024,0,0,0,0,0,0,0,0,0,0,0,0,0,0,0,2,2,2,2,4,4,4,6
6602799480,1,1,3,3,3,5,5,5,5,9,9,14,16,17,17,22,26,29,40,44,45,52,56
6701571900,0,0,5,5,5,5,5,5,5,5,5,5,5,5,5,5,5,5,5,5,5,5,5
56278874100,0,0,0,0,0,0,0,0,0,0,0,0,0,0,6,28,28,34,38,52,56,69,69
6603037769,3,5,6,6,10,12,15,18,24,26,27,30,30,31,35,35,37,38,49,54,57,59,61
6602222535,0,0,0,0,0,0,0,0,0,0,0,0,0,0,0,0,0,0,0,0,0,0,5
35353135800,0,0,0,0,0,0,4,4,4,4,36,36,36,36,36,49,49,49,49,49,69,69,69
6602482457,0,0,0,0,0,0,0,0,0,0,0,0,0,0,0,0,0,0,6,6,6,6,6
7005065120,0,0,0,0,0,0,0,0,0,0,0,0,74,74,74,74,74,74,74,74,74,74,74
6603142809,0,1,1,1,2,3,5,7,10,11,12,16,16,16,20,23,23,23,27,28,28,38,38
7003333648,1,3,3,3,3,4,4,4,6,8,9,11,12,13,18,22,23,28,28,33,39,39,41
55879760100,0,0,0,0,2,2,2,2,2,2,2,2,2,7,7,7,33,37,39,39,66,66,66
6603676449,0,0,0,0,0,0,0,0,7,7,7,7,7,13,13,13,13,13,13,13,13,13,13
6602589759,4,4,4,4,5,5,7,7,10,10,12,12,12,12,13,13,13,14,14,14,14,15,15
6603766452,0,0,0,0,3,4,4,9,12,21,26,26,29,35,36,40,45,45,47,47,47,63,64
8981146200,2,8,9,9,9,9,10,11,11,11,12,21,21,26,34,37,39,47,58,59,65,66,68
6701649738,0,0,15,15,15,15,15,15,15,15,15,15,15,15,15,15,15,15,15,15,15,15,15
6603721447,0,0,0,0,0,0,0,0,0,0,0,0,0,0,0,0,0,0,9,9,9,9,9
7102496304,0,0,0,0,0,0,0,0,0,0,0,0,0,0,0,0,0,0,29,29,29,29,29
6701352870,0,0,0,0,0,0,0,0,0,0,0,0,0,0,0,0,0,0,9,9,9,9,9
6508261524,0,0,0,0,0,0,0,0,0,0,1,1,1,1,1,1,1,1,1,1,1,1,1
6602319142,7,7,7,7,11,11,12,12,12,12,12,12,12,12,13,13,13,13,13,13,13,13,15
6602706012,0,0,0,0,0,0,0,0,0,1,1,1,3,5,5,6,8,8,8,8,8,8,8
55935809100,0,0,0,0,0,0,0,0,0,0,0,0,0,0,0,0,0,0,0,0,0,6,6
6701861433,0,0,6,6,6,13,13,13,16,21,21,30,34,35,35,35,38,39,45,45,49,49,50
6506304653,0,0,0,0,0,0,0,4,4,4,4,15,15,17,18,20,25,25,25,25,26,26,28
57050505200,0,0,1,1,6,6,21,21,21,21,21,21,22,45,49,49,51,51,51,52,88,88,92
7102598972,0,0,0,0,11,11,94,94,119,120,120,120,120,120,133,147,148,155,218,218,220,222,226
6602103047,0,0,0,0,0,0,10,10,10,10,10,10,10,10,10,10,10,10,10,10,10,10,10
57197240760,0,0,0,0,0,0,0,0,0,0,0,0,0,0,0,0,0,0,2,2,2,2,2
6602974840,0,0,0,0,0,0,0,0,0,0,0,0,0,0,0,0,0,0,1,1,1,1,1
6603443224,0,0,0,0,0,0,2,5,5,5,5,11,15,15,21,28,42,44,44,47,56,72,73
7003519900,0,2,38,39,43,43,56,56,91,91,155,190,217,224,224,224,265,290,293,293,305,305,314
7003805219,0,0,0,0,0,0,0,0,0,0,0,0,0,0,0,0,0,0,13,29,29,29,29
7003932171,0,0,0,0,0,0,0,0,0,0,47,47,52,52,52,52,52,52,52,52,52,52,52
57203252786,0,0,0,0,0,0,0,0,0,0,0,0,9,11,11,11,11,11,11,11,11,11,11
52363482600,0,0,3,3,3,3,6,11,12,15,15,15,19,24,24,24,25,39,46,52,56,60,60
56048249600,0,0,0,0,0,0,0,0,0,0,0,0,0,0,0,0,0,0,0,0,0,4,4
6602121616,0,0,0,0,0,0,0,0,0,0,0,0,0,7,7,7,7,14,14,14,14,17,17
8669937400,0,0,0,0,0,0,0,0,0,0,0,0,0,0,0,0,0,21,33,36,36,36,36
6603150490,0,0,0,0,0,0,0,0,0,0,0,0,0,0,2,2,5,5,11,12,12,14,14
6604070042,0,0,2,2,2,2,21,21,21,21,31,46,61,61,66,66,77,80,82,90,161,161,163
7102243057,0,0,0,0,0,0,0,0,0,0,17,26,26,26,26,26,26,26,26,26,26,26,26
6506716982,0,0,0,0,0,0,0,0,0,0,0,0,15,15,17,17,17,17,38,38,41,41,51
23006878400,0,0,5,5,5,5,5,5,15,15,15,33,45,45,45,55,55,55,59,59,59,59,59
57200977448,0,0,0,0,0,0,0,0,0,0,0,0,5,5,5,5,5,5,5,5,5,5,9
6602646631,0,0,0,0,0,0,0,0,0,1,1,2,2,2,2,6,6,6,6,12,13,18,18
7102889628,0,0,0,0,0,0,0,0,0,0,0,7,7,7,7,7,7,7,7,8,8,8,8
35302053600,0,0,0,0,0,0,0,0,0,0,0,0,0,0,0,0,0,5,5,5,5,5,5
7003446506,0,0,0,0,0,0,21,21,21,21,42,42,48,48,48,48,48,48,68,68,68,68,117
7007082084,0,0,0,0,0,0,0,0,6,8,8,8,9,9,14,14,14,14,14,21,21,21,21
6602150514,2,2,2,2,2,2,6,6,6,6,7,7,7,7,7,7,7,7,7,7,7,7,9
8626581900,0,0,0,0,0,0,0,0,0,0,0,3,3,3,3,3,3,3,3,3,3,3,3
24314530700,0,0,0,0,0,0,0,0,0,0,0,0,0,0,0,2,2,2,2,2,2,2,2
7004914635,0,0,0,0,0,0,0,0,0,0,19,19,19,19,19,19,19,19,19,19,19,19,19
6602252277,11,11,11,16,16,16,16,16,16,16,16,29,29,29,38,38,47,47,47,59,59,59,59
6701482224,4,4,6,7,8,9,9,9,11,11,14,14,15,15,15,15,15,15,15,15,15,15,15
6603758730,0,0,0,0,0,0,0,0,0,10,12,12,12,12,12,12,20,20,20,28,28,28,28
6603341976,0,0,0,0,0,2,2,4,5,13,14,21,25,25,26,26,26,26,26,26,26,26,26
6602323949,0,0,0,0,0,0,0,0,6,10,10,10,11,11,16,16,25,34,34,44,49,51,51
6701767375,0,2,2,2,2,2,2,2,2,2,2,2,2,2,2,2,2,2,2,2,2,2,2
6602337420,0,0,0,0,0,0,0,0,0,0,0,0,0,0,0,0,0,0,0,0,5,16,16
6602162461,0,2,2,4,5,5,5,7,9,10,10,10,11,11,11,11,14,15,20,21,23,24,30
8273416600,0,0,0,0,0,0,0,0,0,0,8,8,8,8,8,9,9,9,9,9,9,9,9
57204253714,0,0,0,0,0,0,5,5,5,5,5,5,5,5,5,5,5,5,5,5,5,5,5
6505801844,4,4,4,4,4,4,7,7,7,19,20,20,20,20,20,22,26,26,26,32,32,32,32
23018274100,0,0,0,0,0,0,0,0,0,0,0,0,0,0,0,0,2,2,2,2,2,2,2
6603654093,0,0,0,0,0,0,0,0,0,0,0,0,0,0,0,0,0,0,6,6,6,6,6
6603624933,0,0,2,2,2,2,2,4,4,4,5,12,12,12,19,19,22,23,26,30,35,37,40
36793171400,8,8,9,12,12,14,17,20,22,22,33,33,39,39,39,41,47,47,47,47,48,48,51
24723416000,0,0,0,1,1,1,1,1,1,1,1,19,20,20,20,20,20,23,23,26,26,26,26
55885161300,5,5,5,8,8,8,9,9,10,11,11,11,11,11,17,21,22,23,28,30,30,37,42
6603555323,2,4,4,4,5,5,7,7,9,13,16,18,25,25,26,28,29,30,30,30,35,35,36
7007080084,0,0,0,0,0,0,0,0,34,34,34,34,34,34,34,34,34,34,34,34,34,34,34
6701435639,0,0,0,0,0,0,0,0,0,0,1,1,1,1,2,2,3,3,3,5,5,5,6
56510309600,0,0,0,0,0,0,0,0,0,0,3,3,3,6,7,7,7,7,7,12,12,12,12
36876752000,0,0,0,0,0,0,0,0,0,0,0,0,0,0,0,0,0,10,10,10,10,10,10
56212971100,4,4,4,7,9,9,9,10,12,13,13,15,23,23,30,30,30,30,30,30,30,30,30
6603336549,3,5,7,7,7,7,10,12,12,12,12,12,37,37,39,39,39,39,39,43,43,43,43
7102853204,0,0,0,0,0,0,0,4,4,4,8,8,8,8,8,8,8,8,8,8,8,8,8
6602913861,0,0,0,0,0,0,0,0,0,0,0,0,0,0,0,0,0,0,0,0,0,0,5
7103325922,0,0,0,0,0,0,0,0,0,0,0,0,0,0,0,0,5,5,5,5,5,5,5
35580507900,0,0,0,2,2,2,2,2,6,6,6,6,6,6,6,6,6,6,9,20,20,20,20
6602088872,3,3,3,3,6,6,6,8,8,8,11,13,17,17,17,17,25,25,27,27,27,27,27
6602816662,3,4,4,4,4,4,5,5,6,6,6,6,6,6,6,6,6,6,6,6,6,6,6
7101694616,0,0,0,0,0,0,0,0,0,0,0,0,2,2,2,2,2,2,2,2,2,2,2
6602159002,1,1,1,1,3,5,5,7,7,7,7,7,7,7,8,8,8,8,8,10,10,10,10
7003323696,0,0,0,0,0,0,6,6,6,11,11,11,11,11,11,11,15,17,28,28,28,32,35
6603853795,0,0,0,4,4,4,4,4,4,4,10,10,13,13,13,16,19,19,19,22,22,22,22
7005068161,0,0,0,0,0,0,0,0,0,0,0,0,0,0,0,0,0,0,5,5,5,5,5
55885045900,0,0,0,0,0,0,0,0,0,0,0,0,0,3,3,3,3,3,3,3,3,11,11
7005432249,0,0,0,0,0,2,2,10,13,13,13,15,15,15,15,15,15,15,15,30,40,40,40
6508066151,0,0,0,0,0,0,0,0,0,0,0,0,0,0,0,0,0,0,3,3,3,3,3
7006690002,0,0,0,0,0,0,0,0,0,0,3,3,3,3,3,3,3,3,3,3,3,3,3
7006930329,0,0,0,0,0,0,0,0,0,0,0,0,0,0,0,0,0,0,0,5,5,5,5
6701658915,2,2,2,2,2,2,2,4,4,4,4,4,4,4,4,4,7,7,7,7,7,7,7
7101933041,1,3,5,5,10,20,21,21,37,38,41,48,57,61,71,82,84,87,88,90,94,96,97
6603864822,0,0,0,0,0,0,0,0,0,0,0,0,0,0,0,0,0,6,6,6,6,6,6
57200530960,0,0,0,0,0,3,3,3,3,3,3,3,3,3,3,3,3,3,3,3,3,3,3
57204254747,0,0,0,0,0,0,0,0,0,0,0,0,0,0,0,0,0,0,10,10,10,10,22
7004653885,0,0,0,0,0,0,84,100,103,103,103,103,103,103,103,103,103,103,103,103,103,103,103
7006331897,0,0,0,0,0,0,0,0,1,1,1,1,1,1,1,1,1,1,1,1,1,1,1
57204280295,0,0,0,0,0,0,0,0,0,0,0,0,0,0,0,0,0,0,4,4,4,4,4
7202302253,1,1,1,1,5,5,9,9,9,11,15,20,22,30,37,50,62,66,72,157,166,170,182
36889783200,3,3,3,3,3,4,4,4,6,7,7,7,7,9,9,11,14,16,18,18,18,22,23
55879568100,0,0,0,0,0,0,1,1,1,1,1,1,5,5,5,5,5,5,5,5,5,5,5
7006555974,0,0,0,0,0,0,0,0,0,0,10,10,10,10,10,10,10,10,10,10,10,10,10
6602661154,0,0,0,0,9,9,9,12,13,13,20,30,31,39,40,47,50,50,53,57,58,58,60
7201420394,0,0,0,0,0,0,0,0,0,0,0,0,0,0,0,0,0,0,0,0,6,6,6
7006392485,0,0,0,0,0,0,0,0,0,0,0,0,16,16,16,16,16,16,16,16,16,16,16
6602677645,0,0,0,5,5,5,5,10,18,18,18,18,18,18,18,18,18,18,18,18,18,18,18
55668625000,0,0,0,0,0,0,0,0,0,0,18,18,18,18,23,23,23,23,23,23,23,23,23
7003614609,0,3,3,11,11,16,16,30,38,47,47,47,52,58,68,78,79,88,88,88,88,88,88
7007011884,0,0,0,0,0,0,0,2,2,2,2,2,2,2,2,2,2,4,5,5,5,5,5
56220878700,0,12,12,12,12,15,22,22,43,50,53,63,72,74,82,86,96,98,101,101,115,115,119
57203117196,0,0,0,0,0,3,3,3,3,5,5,6,11,13,13,15,20,27,42,52,56,64,69
7005686519,0,0,0,0,0,0,15,15,26,26,26,26,34,34,60,60,60,60,60,60,60,60,79
6602078656,0,0,0,0,0,0,0,0,6,6,13,13,13,17,17,18,26,34,34,34,34,34,40
7004126268,0,0,0,0,0,0,0,0,0,0,0,0,0,0,4,4,4,4,4,4,4,4,4
6601967492,0,0,0,0,0,0,0,0,0,0,0,0,0,0,5,5,5,5,5,5,8,8,8
6701479315,0,0,0,0,0,0,0,0,0,0,0,0,0,0,0,0,0,0,0,83,83,83,83
6603826309,0,0,0,0,0,0,0,0,0,0,0,0,0,0,0,0,0,1,1,1,1,1,1
7102138516,0,0,0,12,19,26,26,34,37,43,43,43,45,50,50,50,53,53,53,53,53,53,53
6603080991,0,0,0,0,0,0,0,0,3,3,3,3,3,3,3,3,3,3,3,3,3,3,3
7201400564,0,0,0,0,0,0,0,0,5,5,5,5,5,5,5,5,5,5,5,5,5,5,5
35399330900,0,0,13,13,18,18,66,66,88,88,109,109,218,224,282,285,304,304,330,330,486,491,523
7005324498,0,0,0,0,0,0,0,8,8,8,8,8,8,8,8,8,8,8,8,8,8,8,8
6602805953,0,0,0,0,0,3,3,3,3,3,3,3,3,6,13,13,13,13,13,13,13,13,18
6602834501,0,0,0,0,0,0,14,14,14,14,14,14,14,14,14,14,14,14,14,14,14,14,14
6701628136,0,0,0,0,0,0,0,0,0,0,0,0,0,0,0,0,0,0,0,5,5,5,5
6603361365,0,0,0,0,0,0,0,0,0,0,0,0,0,0,0,4,4,4,8,8,8,15,15
6602480171,0,0,0,0,0,0,0,0,14,27,32,54,56,72,76,81,87,88,114,124,154,163,175
6505777941,0,0,0,0,0,0,0,0,0,0,0,0,15,15,15,15,15,15,15,15,15,15,15
6603433697,0,0,0,0,0,0,0,0,0,0,0,0,0,0,0,0,0,0,17,20,20,20,20
7005556226,0,0,0,0,22,22,22,22,22,22,22,22,22,22,22,22,22,22,22,22,22,22,22
7003461622,0,0,0,0,0,0,0,0,0,0,0,0,0,0,0,0,0,3,3,6,6,6,6
8320284200,0,0,0,0,0,1,2,2,4,4,11,11,11,11,11,11,12,12,13,13,21,22,24
6701840742,0,0,0,0,0,0,0,0,0,0,0,0,0,0,0,7,7,7,7,7,7,7,7
6701703508,3,3,3,3,3,4,4,4,4,4,4,5,5,7,7,7,15,15,15,16,16,16,16
6602216209,3,3,11,11,11,11,11,15,16,16,16,20,23,23,32,36,36,36,37,37,37,41,49
6602312789,0,0,0,0,0,0,0,0,0,0,0,0,0,0,0,4,4,9,9,10,10,10,10
7003708056,0,0,0,0,0,0,0,0,0,0,0,0,0,0,0,0,0,0,0,0,1,1,1
7003424803,0,0,0,0,0,17,36,36,36,36,36,36,36,36,36,75,75,79,79,79,79,79,107
57195915952,1,1,1,16,16,21,21,25,26,30,35,42,50,54,65,78,89,114,116,123,135,143,146
6506940363,0,0,0,0,0,0,0,0,0,0,5,9,11,11,11,11,11,11,11,11,11,11,11
7101987726,0,0,0,0,0,0,0,0,0,0,0,0,0,0,0,0,10,10,10,10,10,10,10
7005756764,0,0,0,0,0,0,0,0,0,0,0,0,7,7,7,10,10,17,18,22,24,24,26
6602792875,0,0,0,0,0,0,0,0,0,0,0,0,0,0,0,0,0,0,0,0,3,3,3
55912895700,1,6,6,10,11,11,11,11,11,13,18,18,18,18,18,21,25,25,28,28,31,31,31
6602387684,0,0,0,0,0,0,0,0,0,0,0,0,0,0,0,0,0,0,4,4,4,4,4
57204345933,0,0,0,0,0,0,0,0,0,0,0,0,0,0,0,0,0,0,0,0,0,6,6
8298711100,0,0,0,0,0,0,0,0,0,0,0,0,0,0,0,0,0,0,0,0,0,0,7
26648731100,3,3,3,3,3,7,9,13,13,13,13,18,20,25,25,28,31,32,38,45,49,51,57
56783820900,0,0,0,0,0,0,0,0,0,4,9,11,11,11,11,11,17,19,19,24,24,24,24
6505757641,3,3,3,3,3,3,3,3,3,3,3,3,3,3,3,5,5,5,5,5,5,5,5
6602450298,0,0,0,0,0,0,0,0,0,0,0,0,0,0,0,0,0,0,0,10,10,10,10
7006569425,0,0,0,0,0,2,5,5,7,7,7,7,16,25,39,46,58,61,61,70,72,72,72
7004614782,0,0,0,0,0,0,0,0,0,0,0,0,0,0,31,31,31,31,31,31,31,31,31
6603849973,0,0,0,0,0,0,0,0,0,0,0,0,0,8,8,8,8,8,8,90,90,100,100
35560740600,5,5,5,6,6,11,11,11,15,17,17,17,17,17,17,17,17,17,17,17,17,17,17
7102663560,0,3,5,8,8,8,8,8,8,10,11,14,14,17,24,30,35,37,53,58,59,61,66
6701769177,0,0,0,0,0,0,0,0,0,0,0,0,0,0,0,0,5,5,5,6,16,16,16
7005661067,0,0,0,0,0,0,0,0,0,0,0,0,0,0,0,0,0,0,3,3,3,3,3
9336118900,0,0,0,0,0,0,0,3,3,3,3,3,3,3,3,3,3,3,3,3,3,3,3
7003341924,0,0,15,15,15,15,15,15,15,15,15,15,15,15,15,15,15,15,15,15,15,15,15
56045352500,0,0,0,0,0,0,0,0,0,0,0,0,0,0,0,0,0,0,0,0,0,0,3
6603539140,0,0,0,7,7,7,8,8,8,9,9,9,18,18,20,20,20,26,27,27,34,38,43
55996370600,0,0,0,0,0,0,0,0,0,0,0,8,8,8,8,8,8,8,8,8,8,8,8
6601991261,0,0,0,0,2,2,2,2,2,2,2,2,2,2,2,2,2,2,2,2,2,2,2
6506332868,0,0,0,0,0,0,0,0,0,0,0,0,0,0,0,0,0,0,5,11,15,15,17
7003656113,0,0,0,0,0,0,0,0,0,0,0,0,0,0,0,0,0,0,0,0,5,5,5
6507178872,0,0,0,0,0,0,2,6,6,8,9,9,9,9,12,16,18,20,20,24,27,29,33
6603676587,0,0,0,0,0,0,0,0,0,0,0,0,0,0,0,0,1,1,1,1,1,1,1
7004369728,0,0,0,0,0,0,0,0,0,0,4,4,4,4,4,4,4,4,4,4,4,4,4
34869381100,0,0,0,0,0,0,0,0,0,0,0,0,0,0,0,0,3,5,7,7,7,7,7
55909934900,4,5,6,7,8,8,8,8,12,13,13,13,17,20,20,25,25,29,35,37,42,56,58
7003836039,0,0,0,0,0,0,0,0,0,0,0,4,4,4,4,4,4,4,4,4,4,4,4
7004581546,0,0,0,0,0,0,0,0,0,0,0,0,0,0,0,0,0,0,0,2,2,2,2
7004149816,0,0,3,3,10,10,12,12,12,12,14,18,18,18,18,26,26,28,50,50,97,97,97
7006839701,0,0,0,0,0,0,0,0,0,0,0,0,0,0,0,0,0,2,2,2,2,2,2
16140215800,0,0,0,0,0,0,0,0,0,0,0,0,0,0,0,0,0,0,0,0,0,0,7
6701673151,0,0,0,0,0,0,0,0,0,0,0,0,0,0,0,0,8,8,8,8,8,8,8
55829916200,1,3,3,4,6,8,8,8,14,14,14,19,19,19,22,24,25,26,30,31,32,32,34
36660303100,0,0,0,4,4,4,4,4,4,4,4,4,4,4,4,4,4,4,4,4,4,4,4
57204245978,0,0,0,0,0,0,12,12,12,12,14,14,20,23,23,25,35,35,38,40,41,41,42
7101824727,0,0,0,0,0,0,0,0,0,0,0,0,0,0,50,50,50,50,50,50,50,50,50
23099208700,0,0,2,4,4,4,4,4,6,6,10,13,22,25,32,34,37,42,48,58,70,90,99
56038667500,0,0,4,4,4,7,7,7,7,7,7,7,7,7,10,10,10,10,10,10,10,10,10
6701819037,0,0,0,0,0,0,0,0,0,0,3,3,3,4,4,4,6,6,6,6,6,6,6
6602667026,0,0,0,0,0,0,0,0,0,6,6,6,6,6,6,6,6,6,6,6,6,6,6
6602772602,3,5,5,5,6,6,6,6,6,7,7,7,11,23,24,26,27,30,30,30,31,41,46
7102398232,2,2,2,2,3,3,4,6,6,7,7,10,10,12,15,16,17,17,20,29,47,51,53
7005274397,0,0,0,0,0,0,0,0,10,10,10,10,10,10,10,10,10,10,10,10,10,10,10
6602084911,0,0,0,0,0,0,0,0,0,0,0,0,0,0,0,0,5,5,6,6,6,6,14
6602771938,0,0,0,0,0,0,0,0,0,0,0,0,0,0,0,0,0,0,0,9,10,10,10
57188733876,0,0,0,0,0,0,0,0,0,0,0,0,0,8,8,18,18,18,18,18,18,18,18
6602973717,1,1,1,4,4,4,4,7,7,7,11,12,12,12,12,12,31,31,32,35,36,38,47
6602678407,0,0,0,0,0,0,0,0,0,0,0,0,0,2,2,2,2,2,2,2,2,2,2
7005361115,0,0,0,0,0,0,0,0,0,0,0,0,0,0,0,0,0,0,16,16,26,26,26
57203049133,0,0,0,0,0,0,0,0,0,2,2,2,2,3,4,4,4,4,4,4,4,7,7
6603682413,0,0,0,0,0,0,0,0,0,0,0,0,0,0,0,0,0,0,6,6,6,6,6
6603820671,0,0,0,0,0,0,0,0,0,0,0,0,0,0,6,6,6,6,6,6,6,6,6
7005745371,0,0,0,6,6,6,6,6,6,6,6,6,6,6,6,6,6,6,6,6,14,14,14
7006427244,0,0,0,0,0,0,0,0,0,0,0,0,18,18,18,18,18,18,18,18,18,18,50
6603824900,0,0,0,0,0,0,0,0,5,5,5,5,5,5,5,5,5,5,5,5,5,5,5
7401900346,0,0,0,0,0,0,25,25,25,25,25,25,25,29,29,29,29,29,29,29,29,29,29
6603147047,0,3,3,3,4,4,4,6,8,8,8,10,10,13,13,13,27,31,31,33,46,46,46
7005490954,0,0,0,0,0,0,20,20,41,41,90,90,112,120,120,120,120,126,126,132,132,132,132
7003702415,0,0,0,0,0,0,0,0,0,0,0,0,0,0,0,0,0,13,17,17,17,17,17
6602555461,0,0,0,0,0,0,0,0,0,0,0,0,1,5,5,5,5,5,5,7,7,7,7
6701492581,4,4,4,4,7,7,7,7,7,7,7,7,7,7,7,7,7,7,7,7,7,7,7
57152603200,0,0,0,0,0,0,0,0,71,71,71,71,71,71,71,71,71,71,71,71,71,71,71
55892723000,0,0,0,0,0,0,0,0,0,0,0,2,2,2,2,2,2,2,2,2,2,2,2
9839833700,0,0,0,0,0,0,0,0,6,6,6,6,6,6,6,6,6,6,6,6,6,6,6
6603343307,2,2,2,2,2,2,2,2,2,2,2,2,2,2,2,2,2,2,2,2,2,2,2
6603448208,0,0,0,0,0,0,8,8,8,8,10,10,10,10,10,10,10,10,10,10,10,10,10
24922692200,1,2,5,5,5,5,5,5,5,11,12,12,16,16,16,16,16,16,16,16,16,16,16
6603001036,0,0,0,0,0,0,0,3,3,3,3,3,3,3,3,3,3,3,3,3,3,3,3
55926553300,0,0,0,2,2,2,2,2,2,6,7,8,8,8,11,11,11,11,17,18,18,20,20
6603921202,0,0,0,0,0,0,0,0,1,5,5,11,13,14,14,20,20,20,25,32,33,36,36
6602675396,0,0,0,0,0,4,4,5,5,5,5,11,11,11,11,11,11,11,11,11,11,11,11
6701460456,0,0,0,0,0,0,0,0,0,0,0,0,4,4,4,4,4,4,4,4,4,4,4
6602154207,0,0,4,4,4,4,4,4,4,4,4,7,7,7,7,7,7,7,7,7,7,7,7
6602486316,0,0,0,0,0,0,0,0,0,0,0,0,0,0,0,0,23,23,25,25,25,25,25
7003715976,0,0,0,0,0,0,0,0,0,0,0,0,8,8,8,8,11,11,11,11,11,11,11
6603309029,3,3,3,4,6,7,9,9,11,11,13,13,14,14,14,14,14,14,14,15,17,17,17
22833355900,0,3,3,3,3,3,3,3,3,3,3,3,5,5,5,5,7,7,11,20,20,22,23
56260425800,0,0,0,0,0,0,0,0,0,0,12,12,13,13,13,13,13,13,13,13,13,13,13
6603113289,0,0,0,0,0,0,0,0,0,0,0,0,0,0,0,0,0,0,0,0,10,10,10
7202116020,0,0,3,3,3,3,3,3,3,3,3,3,3,3,3,3,3,3,3,3,3,3,3
6603453183,0,0,0,0,0,0,0,0,0,0,0,0,0,0,0,0,0,0,0,9,9,12,26
8947003600,0,0,0,0,0,0,14,14,14,14,14,14,14,14,14,14,31,31,43,43,161,161,178
7007131372,0,0,0,0,2,2,2,2,2,2,4,4,4,4,4,4,4,10,11,18,18,19,19
57203824683,0,0,0,0,0,0,0,0,0,0,0,0,0,0,0,2,2,2,4,4,4,4,4
6603829832,4,6,6,6,8,9,11,11,11,14,18,18,19,19,24,32,32,34,46,50,54,56,62
35394150000,0,0,0,0,0,0,0,0,0,0,0,0,0,0,0,0,0,0,4,4,4,4,4
7003640325,0,0,0,0,0,7,7,7,7,7,7,7,7,7,7,16,16,16,28,28,28,33,33
6603541285,0,0,0,0,0,0,0,0,0,0,0,0,0,0,0,0,7,7,7,7,7,7,7
7005707757,0,0,0,0,0,0,0,0,0,0,0,0,0,0,0,0,0,6,6,6,6,6,6
55903145900,0,0,1,1,1,1,1,1,1,1,4,4,4,4,9,9,11,11,11,11,11,11,14
56084729500,0,5,8,8,8,8,8,8,8,19,19,24,27,42,46,46,46,46,46,46,46,46,46
35233256600,0,0,0,0,0,0,0,0,0,0,0,0,0,0,0,7,7,7,7,7,7,7,7
8972818500,0,0,1,1,1,1,1,1,1,1,4,4,4,4,4,4,4,9,9,9,9,9,9
6506787181,0,0,0,0,0,0,0,0,0,0,0,0,0,0,0,0,0,0,0,0,0,0,5
57202701886,0,0,0,0,0,0,0,0,0,0,2,2,4,7,16,18,21,29,36,36,36,36,36
7005285583,0,0,0,0,0,0,10,10,10,10,10,10,10,10,10,10,10,10,10,10,10,10,10
6505838990,0,0,0,0,0,0,0,0,0,0,0,43,44,44,44,44,44,44,44,44,44,44,44
6505854979,0,0,0,0,0,0,0,0,0,0,0,3,3,3,9,9,9,13,13,13,13,13,13
6602552795,0,0,0,0,0,2,4,5,8,9,10,12,13,27,30,34,52,52,54,54,57,57,58
35316827300,0,0,5,8,13,13,13,13,18,20,26,26,26,26,26,26,26,28,28,31,33,33,33
7004591575,4,7,7,12,13,15,19,19,33,39,40,46,51,58,83,106,124,138,142,148,170,182,188
6602198563,0,0,0,0,0,0,0,0,0,0,0,0,0,12,12,12,12,12,22,22,48,66,69
8420891700,0,0,0,0,0,0,0,0,0,0,0,0,0,0,0,2,2,2,2,2,2,2,2
8232109700,0,0,0,0,23,23,35,35,86,86,129,129,143,152,154,159,203,203,222,222,255,260,290
6507870089,0,0,0,0,0,0,0,0,0,0,0,0,0,0,0,0,0,0,0,0,0,0,6
7201749759,0,0,0,0,0,0,0,0,0,0,0,0,0,5,5,5,10,10,10,10,10,10,10
7004670879,0,0,0,0,0,0,0,0,0,0,0,0,0,0,0,0,0,0,6,6,6,6,6
7003400700,0,0,0,0,0,0,3,3,3,3,3,3,3,3,3,3,3,3,3,3,3,3,3
6602580746,0,0,0,0,0,0,0,0,0,0,0,0,0,0,0,0,0,7,7,7,7,10,10
6603957668,1,3,3,3,3,3,5,6,6,6,8,9,16,16,18,20,26,31,31,31,31,31,31
24474598800,0,0,0,0,0,0,0,0,0,0,0,0,8,12,15,15,15,15,15,15,15,15,15
56628971300,0,0,0,0,7,7,7,7,7,7,7,7,7,7,7,7,7,7,7,7,7,7,7
15922056600,3,3,3,3,4,4,4,4,4,4,8,11,11,19,30,35,35,38,50,54,61,67,77
7003348059,0,0,0,0,0,0,0,0,0,0,0,13,18,18,18,18,18,18,18,18,18,18,18
7201749758,0,0,0,0,0,0,0,12,12,12,12,12,12,12,12,12,12,12,12,12,12,12,12
7005625377,0,0,0,0,2,2,2,2,2,2,2,2,2,2,2,2,2,11,16,16,16,16,18
6603026346,0,0,0,1,1,1,1,1,1,2,2,2,2,3,4,10,10,10,13,13,13,16,29
6603554581,0,0,0,0,2,2,3,3,3,6,8,8,8,8,8,8,8,8,8,8,8,8,8
6602267873,0,0,0,0,0,0,0,0,0,0,0,10,10,10,17,19,22,22,27,27,27,27,31
57203069695,0,0,0,0,0,0,0,0,0,0,0,0,0,0,0,0,0,0,0,1,1,1,10
24921885300,0,0,0,0,0,0,0,0,0,0,0,0,0,0,18,18,28,28,28,28,77,77,106
56066095000,0,0,0,0,0,0,0,0,0,0,0,0,0,0,0,0,0,0,0,0,0,5,5
7003395165,0,22,27,28,28,28,41,42,54,55,64,83,97,104,109,120,125,136,141,148,150,153,153
6603205862,0,5,5,5,5,5,5,5,5,5,5,5,5,5,5,5,5,5,5,5,5,5,5
7004172097,3,3,3,4,8,11,13,14,14,18,23,23,23,27,28,30,36,36,36,41,44,45,45
6603477077,0,0,0,0,0,0,38,38,44,44,46,46,46,46,46,46,46,46,46,46,46,46,46
6603088865,0,0,0,0,0,0,0,0,0,0,0,0,0,0,0,0,0,0,0,0,4,4,4
6603443244,0,0,0,0,0,0,0,0,0,0,1,6,9,12,14,14,15,19,24,25,29,35,38
55244987000,0,0,0,0,0,0,0,0,0,0,0,0,0,0,0,0,0,0,2,2,5,24,24
56034426000,0,0,0,0,0,0,3,5,5,8,8,10,10,10,17,17,17,17,17,17,17,17,23
57204778683,0,0,0,0,0,0,0,0,0,0,5,5,5,5,5,5,5,5,5,5,5,5,5
8791932400,0,0,0,0,56,56,56,56,56,56,56,56,56,56,56,56,56,56,56,56,56,56,56
6603714566,0,0,0,0,0,0,84,100,103,103,103,103,103,103,103,103,103,103,103,103,103,103,103
7003526098,0,6,6,6,6,11,11,11,11,11,11,11,11,11,11,11,11,11,11,11,11,11,11
9337191600,0,0,0,0,0,0,32,32,32,32,32,32,42,53,53,53,78,78,78,116,116,116,116
7003497905,0,0,0,0,0,0,0,0,0,0,0,0,0,0,0,11,13,13,13,13,13,13,13
6603954823,0,0,0,4,4,4,4,4,4,4,7,7,7,8,8,8,8,8,8,8,9,9,9
7004115610,0,15,17,17,17,26,26,39,46,46,49,49,52,54,63,70,74,74,87,89,89,118,120
7402372844,0,0,0,0,0,0,0,0,0,0,0,0,0,0,0,0,42,42,42,42,42,42,42
6701861739,0,0,0,0,0,0,0,0,0,0,0,0,0,0,0,9,29,39,48,48,55,64,64
6603232437,0,0,0,0,0,0,0,0,0,0,3,4,4,4,4,4,6,6,6,9,9,9,57
7005518087,0,0,0,0,0,0,0,0,0,0,0,0,3,3,3,3,8,8,10,10,16,16,16
7004312687,0,0,0,0,0,0,0,6,6,6,6,6,6,6,6,6,6,6,6,6,6,6,6
6701831809,0,0,0,0,0,0,0,0,0,0,0,0,0,0,0,0,0,0,0,0,0,0,4
6603738613,0,0,0,0,0,0,0,0,0,5,5,5,5,5,5,5,5,5,5,5,5,5,5
6603843434,0,0,0,0,0,0,0,3,3,3,7,7,7,9,9,9,9,9,9,10,11,11,11
6602723536,0,0,0,4,4,4,4,5,5,5,6,7,8,8,8,8,8,8,9,9,9,9,9
6602883927,0,0,0,0,0,0,0,0,0,0,0,0,0,0,0,0,0,0,5,5,5,5,5
6602980557,0,0,0,0,0,0,0,0,0,0,0,0,0,0,0,0,0,0,0,3,3,3,3
6701322514,0,1,1,1,1,1,1,1,1,1,1,1,1,1,1,1,3,6,6,6,6,6,9
14018236100,3,6,6,6,8,8,8,12,12,12,15,23,26,28,28,34,51,58,61,83,83,91,98
6602926291,0,0,4,4,4,7,11,11,11,14,14,14,14,14,14,14,19,19,19,19,19,19,19
7103297189,0,6,6,9,11,11,11,11,11,11,11,11,11,11,11,11,11,11,11,11,11,11,11
6602856639,0,0,0,0,0,0,0,0,8,8,8,8,8,25,25,25,25,32,32,48,48,48,48
6603448092,2,2,2,2,2,5,6,8,9,9,9,9,10,10,10,12,14,14,27,27,28,28,30
7201637855,0,0,2,2,2,2,2,2,2,2,2,2,2,2,2,2,2,4,4,4,4,4,4
11940681300,0,0,0,0,0,0,0,0,0,0,0,0,0,0,0,0,7,7,7,7,7,7,7
6701540263,0,0,0,0,0,0,5,5,10,10,20,20,20,20,20,20,20,20,26,32,38,42,42
6603992394,0,0,0,0,0,0,0,3,3,3,4,4,4,4,4,4,4,4,4,4,4,4,4
7004033067,0,0,0,0,0,0,0,0,0,0,0,0,0,0,14,14,14,14,31,32,32,32,44
6506534783,3,3,3,3,3,3,3,3,3,4,4,4,4,4,4,4,9,9,9,14,14,14,16
7005485891,0,0,0,9,9,9,28,28,28,28,28,28,28,28,28,35,35,42,42,42,42,42,42
6603378920,0,0,0,0,0,0,0,0,0,0,0,4,4,4,4,4,4,4,4,4,4,4,4
7003430993,0,0,0,0,0,0,0,0,0,1,1,1,1,1,1,1,1,1,1,1,1,1,1
6701750610,5,11,13,14,15,15,20,24,28,29,51,91,103,122,137,144,167,180,192,212,225,234,247
7005670560,0,0,0,0,0,0,34,34,82,84,165,172,180,186,275,277,297,297,363,363,407,407,407
6507091668,0,0,0,0,0,0,0,0,0,0,0,0,3,4,4,4,4,7,10,14,14,14,14
8363475100,7,10,12,12,12,12,15,17,18,26,30,36,40,47,49,51,58,62,62,62,62,62,62
6506120249,0,0,0,0,0,0,0,0,0,0,0,0,0,0,0,0,0,0,0,7,7,7,7
7003788068,0,0,0,0,0,0,0,0,0,0,0,0,2,2,2,4,5,5,5,6,6,6,6
7202355624,0,0,0,0,0,0,0,0,0,0,0,0,0,0,0,16,16,16,16,16,16,16,16
55961553300,2,2,2,2,2,2,2,2,2,2,2,2,2,2,2,4,4,4,4,4,4,4,4
7004780924,0,0,0,0,0,0,0,5,5,5,9,9,15,23,23,32,32,32,34,40,42,43,43
35785735500,0,0,0,0,0,0,0,0,0,0,0,0,0,0,0,11,11,11,11,11,11,11,11
6701887980,0,0,0,0,0,0,0,0,0,0,0,0,0,0,0,0,6,6,6,6,6,6,6
6602774987,0,0,0,0,0,0,0,0,0,0,0,0,0,0,0,0,0,0,0,0,0,4,4
57204334101,0,0,0,0,0,0,0,0,0,0,0,0,22,22,22,22,22,22,22,22,22,22,22
7202036621,0,0,0,0,0,0,0,2,2,2,2,2,2,2,2,2,2,2,2,2,2,2,2
35724479000,0,0,0,0,3,3,3,5,5,5,5,5,17,18,28,30,36,43,45,49,56,57,68
9333441800,0,0,0,0,0,0,32,32,32,32,32,32,32,32,32,32,32,32,32,32,36,36,36
7005899939,0,0,0,0,0,0,0,0,0,0,0,0,0,5,5,5,5,5,5,5,5,5,5
6604064694,0,0,0,0,0,0,0,0,0,0,0,0,1,1,1,1,1,1,1,1,1,1,1
25723949700,0,0,0,0,0,0,0,0,0,0,0,0,0,0,0,1,1,1,1,1,1,1,1
35616414800,0,0,0,0,0,0,0,0,0,1,1,1,1,4,4,4,4,4,4,6,6,6,6
7003571939,0,0,0,0,0,0,0,0,5,5,56,56,85,85,104,104,142,142,175,175,230,231,239
6603806345,0,0,0,0,0,0,0,0,0,0,0,0,3,3,3,3,3,3,3,3,3,3,5
35587240300,0,0,0,0,0,0,0,0,0,0,0,0,0,0,0,0,0,0,7,7,7,7,7
9333441000,0,0,0,0,0,0,0,0,0,0,0,0,0,0,0,0,0,0,0,49,49,49,49
7004449675,0,0,3,3,3,3,3,3,4,5,5,5,9,9,9,9,9,9,9,9,9,9,9
7004182606,0,0,0,0,0,0,0,8,8,8,8,8,8,8,8,8,8,8,8,8,8,8,8
6603346864,0,0,0,0,0,0,0,0,0,0,0,0,2,2,2,2,2,2,2,2,2,2,2
7102955581,0,0,0,0,0,0,0,0,0,0,0,3,3,3,3,3,3,3,3,3,3,3,3
7004843798,0,0,5,8,9,9,9,11,11,13,14,15,24,24,24,24,28,28,30,36,36,38,38
6602704358,4,4,4,4,4,4,4,4,4,4,4,4,4,4,4,4,4,4,4,4,4,4,4
57203088141,0,0,0,0,0,0,8,8,8,8,8,8,8,8,8,8,8,8,22,22,51,51,51
7004507225,0,0,0,0,0,0,0,0,0,0,0,0,0,0,0,0,4,6,6,6,6,6,6
35758066900,0,0,0,0,0,0,0,2,2,3,3,6,6,8,10,10,12,12,12,12,14,14,16
55882901500,0,0,0,0,0,0,0,0,0,0,0,0,0,0,0,0,0,0,3,3,3,3,3
55392113800,0,0,0,0,0,0,0,0,0,0,0,0,0,9,9,9,9,9,9,9,9,9,9
56165797100,0,1,3,3,4,4,4,5,5,5,5,5,5,6,7,10,10,10,10,10,10,10,10
6601996616,0,0,0,0,0,0,0,0,0,7,7,7,7,15,15,15,19,19,19,19,19,19,19
55332178100,0,0,0,0,0,0,0,0,0,0,0,0,0,0,0,0,0,0,0,0,0,0,13
7004866004,2,2,2,2,9,11,12,12,12,13,13,13,15,17,17,18,19,22,22,22,26,26,26
6506667626,0,0,0,0,0,0,0,0,4,5,6,8,8,8,8,8,8,9,9,11,11,11,11
35578492300,0,0,0,0,0,0,0,0,0,0,0,0,0,0,0,0,0,11,14,14,14,14,17
55911655800,0,0,0,0,0,0,0,0,0,0,0,13,13,21,21,32,32,38,38,38,38,38,38
56313248300,0,1,1,1,4,5,5,5,5,5,5,5,13,15,15,16,16,18,18,19,19,19,25
6602794527,0,3,3,3,3,3,3,3,8,8,10,11,12,12,15,19,20,27,30,38,39,46,46
7007132777,0,0,0,0,0,0,15,15,15,15,15,15,15,15,15,15,15,15,15,15,15,15,15
7004863276,0,0,0,0,0,0,0,0,1,1,1,3,5,6,6,11,12,15,23,28,35,35,38
7004469267,0,0,0,0,0,0,20,20,20,20,20,20,20,20,20,20,38,96,105,106,128,145,154
6701610174,0,0,0,0,0,0,0,0,0,0,0,0,0,0,0,0,2,2,2,2,2,2,2
55968240400,0,0,0,0,0,0,0,0,0,0,4,4,4,5,10,10,21,30,31,43,48,55,55
7004190839,0,1,1,2,2,3,3,3,3,3,4,4,4,12,13,13,16,16,19,22,22,22,24
6603916907,0,0,0,0,0,0,6,6,6,6,6,6,6,6,6,6,6,6,6,6,14,14,14
6603833449,0,0,4,5,5,5,5,5,5,7,7,7,7,8,9,9,12,12,15,15,15,19,19
7004265746,2,2,3,7,9,13,16,17,18,20,21,23,32,35,38,42,46,47,54,59,62,64,66
14016855700,1,1,1,1,1,1,3,3,5,10,10,10,10,11,13,19,20,23,29,29,38,39,44
6701610760,0,0,3,3,3,3,3,3,4,4,4,4,4,4,4,4,4,4,4,4,4,4,4
7003727073,0,2,2,2,2,2,2,2,2,2,2,2,2,2,2,2,2,8,8,8,8,8,8
6603633398,0,0,0,0,0,0,0,11,19,19,25,27,27,27,30,30,30,34,34,37,37,37,37
56032201800,4,4,8,8,8,8,8,8,8,9,9,9,9,13,13,13,16,16,18,28,28,28,28
7005497124,0,0,0,0,0,0,0,0,0,0,0,9,9,9,9,9,9,9,9,9,9,9,9
6602257279,0,0,0,0,0,0,0,0,0,0,0,0,2,5,5,6,6,7,7,7,7,7,7
7006163267,0,0,0,0,6,7,8,8,9,12,15,15,15,15,15,15,15,15,15,15,15,15,15
7005921342,0,0,0,0,0,0,0,0,0,0,0,0,0,0,5,8,16,20,21,22,26,49,55
57202315306,0,0,0,10,10,33,37,37,49,54,54,54,54,54,54,73,73,77,77,77,77,77,77
6602530541,0,2,2,2,2,5,7,8,8,14,15,17,18,20,24,30,30,32,33,34,40,46,46
6603895465,0,0,0,0,0,7,7,12,12,14,14,17,17,39,39,41,42,42,46,46,51,51,51
55895010200,43,43,43,43,43,43,43,43,43,43,43,43,66,66,66,66,66,66,66,66,66,66,66
35330667600,0,0,0,0,0,0,0,0,71,71,71,71,71,71,71,71,71,71,71,71,71,71,71
55987743500,0,0,0,0,0,0,0,0,0,0,0,1,1,1,1,1,10,10,10,13,13,13,13
6603413287,2,2,2,2,5,8,8,8,14,18,24,26,28,38,40,42,46,48,57,60,63,64,70
56256939800,0,0,0,0,0,0,0,0,7,7,7,7,7,7,7,7,7,7,7,7,7,7,7
7003529906,0,0,0,0,0,0,0,0,2,2,4,4,4,4,4,4,7,8,8,8,8,8,8
6603900578,0,0,0,0,0,0,0,0,0,0,0,0,0,0,0,0,0,0,0,6,6,6,6
7005852405,0,0,0,0,0,0,0,0,0,0,0,0,0,0,0,0,0,0,0,0,0,13,13
7006631785,0,0,0,0,0,0,0,0,0,0,0,0,0,0,31,31,31,31,31,31,31,31,31
6602107702,0,0,0,0,0,0,0,0,0,0,0,0,0,0,0,0,0,0,0,4,4,4,4
57204376564,0,0,0,0,0,0,0,0,0,0,2,2,3,3,3,3,11,11,46,46,47,47,47
6603090130,2,2,2,2,2,2,2,4,4,4,4,4,4,4,4,4,4,4,4,4,4,4,4
57203013514,0,0,0,0,0,0,0,0,0,0,0,0,0,0,0,0,0,9,11,12,13,13,16
56394328300,0,0,0,0,0,0,0,6,10,10,10,10,10,10,10,10,10,10,10,10,10,10,10
14059482200,5,5,5,5,6,6,6,8,10,11,11,12,12,25,29,31,31,31,31,31,31,31,31
6603671578,1,1,3,3,3,5,8,8,8,10,14,19,26,30,34,36,38,41,41,41,49,52,52
6602111683,0,0,0,0,0,0,0,0,0,0,0,0,0,0,0,0,3,12,12,13,13,16,16
7003448820,0,0,0,6,6,6,6,6,6,6,6,6,6,6,6,6,6,6,6,6,6,6,6
6701540920,0,0,0,0,0,0,0,0,0,0,0,5,11,11,11,11,11,11,11,11,11,11,11
6701696532,2,2,4,6,6,6,6,6,6,8,9,9,9,9,12,12,17,20,20,30,30,30,30
7004092078,0,0,0,0,0,6,6,6,6,6,6,6,11,11,56,56,61,61,66,66,70,70,104
6602361751,2,2,2,2,2,2,2,2,2,2,2,2,2,2,2,2,2,2,2,2,2,2,2
7004213730,0,0,0,0,0,0,3,3,3,5,5,12,12,12,12,12,12,12,12,24,24,24,24
6603481442,0,0,0,0,0,0,0,0,0,0,0,0,10,10,10,17,17,17,17,33,33,33,33
57204344749,0,0,1,1,1,2,2,4,5,5,5,9,12,15,22,26,32,34,41,41,41,46,49
6602176628,0,0,0,0,0,0,0,0,0,0,0,0,2,4,7,10,10,13,15,17,17,17,17
6601910255,0,0,0,0,0,0,0,0,0,0,0,0,0,1,1,11,13,13,13,13,13,13,13
56368545200,6,6,6,6,6,6,6,6,6,6,6,6,6,6,6,6,6,6,6,6,6,6,6
6603634662,0,0,0,0,0,0,0,0,0,0,0,0,0,0,0,0,0,0,0,6,15,15,15
35430328000,0,0,0,0,0,0,21,28,80,80,134,161,268,278,332,332,366,387,433,433,458,458,485
16633275200,0,0,0,0,0,0,0,0,0,0,0,0,0,0,5,5,9,9,9,13,20,25,25
7003292887,0,0,0,0,0,0,0,0,0,0,0,0,74,74,74,74,74,74,74,74,74,74,74
56240502600,0,0,0,0,0,0,0,0,0,0,0,0,0,0,0,0,0,0,0,0,0,0,11
7102307846,2,2,2,2,2,2,2,2,2,2,5,5,6,6,6,6,6,6,6,6,6,6,6
56227707000,2,2,3,3,4,4,4,6,8,8,10,13,24,29,37,42,46,53,57,58,62,67,71
7006515125,0,0,0,0,0,2,2,2,2,2,2,2,2,2,2,2,2,2,2,4,4,4,4
7004649707,0,5,5,5,5,5,5,5,5,5,5,11,16,16,16,16,16,16,27,33,36,36,37
6603946051,0,0,0,0,0,0,0,0,0,0,0,0,0,0,0,5,5,8,8,8,8,8,8
6507161778,0,0,0,0,0,0,0,0,3,3,3,3,3,3,3,3,7,11,11,11,12,16,20
7005958141,9,9,9,9,20,20,20,20,20,20,20,20,20,20,20,20,20,20,20,20,20,20,20
6602927333,0,0,0,0,0,0,0,0,0,0,0,0,6,6,6,6,6,6,6,6,6,6,6
6602200408,0,0,0,0,0,10,16,16,16,16,20,20,20,20,20,20,20,20,20,37,37,76,76
6603813980,0,0,0,0,0,3,3,3,3,3,3,3,3,3,3,3,3,3,3,3,3,3,3
6701549532,0,0,0,0,0,0,0,0,0,0,0,0,0,0,0,0,0,0,0,0,5,5,5
7006520270,0,0,15,15,15,15,15,15,15,15,15,15,15,15,15,15,15,15,15,15,15,15,15
56230496800,0,0,0,0,0,0,0,0,0,0,0,0,0,0,0,0,0,0,0,0,2,2,2
57203724631,0,0,0,0,0,0,0,0,0,0,0,0,0,0,0,3,3,5,5,5,5,5,5
6602524712,1,1,1,1,1,1,1,2,2,2,2,2,4,9,9,9,9,13,13,13,15,15,15
56219890800,0,0,0,0,0,0,0,0,0,0,0,0,0,0,0,0,0,0,0,0,0,2,2
36829733600,0,0,0,0,2,2,2,2,6,6,6,6,6,6,6,6,7,7,7,7,9,9,9
6603205991,3,3,3,3,3,3,3,5,8,14,14,14,14,14,16,18,23,25,27,30,30,30,35
56260219400,0,0,0,8,8,8,8,8,12,18,18,20,29,40,43,46,46,46,46,46,46,46,46
56040897500,0,0,0,0,0,0,0,0,0,0,0,0,0,0,0,6,6,6,6,6,6,6,6
35596710000,0,0,0,1,1,1,1,1,2,2,2,2,5,5,6,10,10,18,19,20,23,26,31
6602849165,0,0,0,0,0,0,0,0,0,0,0,0,0,0,0,0,0,0,0,0,0,0,11
7004730680,0,0,0,0,0,0,0,0,5,5,5,13,13,13,13,13,13,13,16,16,16,16,16
6507353960,0,0,0,0,0,0,0,0,0,0,0,0,0,0,0,0,0,3,3,3,3,3,3
24292367100,0,0,0,0,0,0,11,27,27,27,27,27,32,32,32,32,32,32,32,32,32,32,32
55886147600,1,1,2,2,2,2,11,11,12,13,13,13,14,17,25,27,27,27,33,34,34,37,37
6603637736,0,0,0,0,0,0,0,0,0,0,0,0,0,0,0,5,5,5,5,5,5,5,5
7006381945,0,3,3,3,3,3,4,4,6,6,6,7,8,8,10,14,14,23,23,23,23,25,25
7401711003,0,0,0,0,0,0,3,3,3,3,26,26,72,72,90,90,120,120,147,147,147,147,147
6701705322,0,0,0,0,0,0,0,0,0,0,0,0,26,26,38,38,108,108,149,149,157,157,157
8852232400,0,0,0,0,0,0,8,8,8,8,8,8,17,21,21,21,32,32,32,32,35,36,135
7006020325,0,0,0,0,0,0,2,2,2,2,2,2,2,2,2,2,2,2,2,2,2,2,2
6507903151,0,0,0,0,0,0,0,0,0,0,0,0,0,0,0,0,0,0,0,0,4,4,4
6701636955,0,0,0,0,0,0,0,0,0,0,0,0,0,0,0,0,0,0,0,0,9,12,12
7102326162,0,0,0,0,0,0,0,0,0,0,11,11,11,11,11,11,11,11,11,11,11,11,11
6602815859,0,0,2,2,2,2,2,2,2,2,2,2,2,2,2,2,2,2,2,2,2,2,6
6603024240,3,3,3,3,4,4,4,4,4,4,4,4,4,4,4,4,4,4,4,4,4,4,4
7404390384,0,0,0,0,0,0,0,0,0,0,0,0,0,0,0,0,0,8,8,8,8,8,8
57202311057,0,0,0,0,3,3,3,3,25,25,25,30,34,37,45,45,54,55,55,55,68,68,72
7004441408,0,0,0,0,0,0,0,0,3,3,3,3,3,3,3,3,3,3,3,3,3,3,3
6603071966,0,0,0,0,0,0,0,0,2,4,4,4,4,4,4,6,6,6,6,6,6,6,6
55961107000,0,0,0,0,0,0,0,0,0,0,0,0,0,0,0,0,0,0,0,3,3,3,3
6701688878,0,0,0,0,0,0,0,0,0,0,0,0,0,0,0,0,3,3,3,3,3,3,3
6701405430,0,0,0,0,0,4,4,4,4,4,4,4,4,4,4,4,8,8,8,8,8,8,8
7004855451,0,0,0,0,0,0,0,0,26,26,27,31,31,31,31,31,31,31,31,31,31,31,31
7103375960,0,0,9,9,9,9,22,22,57,57,57,57,57,57,57,57,57,57,57,57,57,57,57
6603837857,0,0,0,0,0,0,0,0,0,0,0,0,0,1,1,1,1,1,1,1,1,1,1
6507779887,0,0,29,29,43,43,50,50,50,50,72,72,84,84,93,93,113,113,123,123,125,125,139
6701400414,0,0,0,0,0,0,0,0,0,7,7,7,7,7,7,7,7,7,7,7,7,7,7
55957928200,0,0,0,0,0,0,0,0,0,0,0,0,0,0,0,0,0,0,0,4,4,4,4
26422324600,0,0,2,8,11,14,16,17,18,19,23,27,27,36,39,39,39,39,39,39,39,42,42
7102699345,0,5,14,20,29,33,41,53,61,87,102,118,135,135,165,190,206,216,216,235,235,254,254
57194065692,0,0,0,0,0,0,0,0,0,0,3,3,3,3,3,3,3,3,3,3,3,3,3
56630956600,0,0,0,0,0,3,3,3,5,5,7,7,7,7,8,8,8,9,9,9,12,12,12
6603491643,0,0,4,4,4,4,4,4,4,4,4,4,4,4,4,4,4,4,4,4,4,4,4
6603752589,1,2,2,2,7,7,7,8,11,22,26,29,40,44,55,60,66,72,76,82,94,102,104
7003626217,0,0,0,0,0,0,0,0,0,0,0,0,0,6,6,6,6,6,6,6,6,6,6
9133959300,0,0,0,0,0,0,0,3,3,3,3,3,6,6,6,6,6,6,6,6,6,9,9
7006787430,0,0,0,0,0,0,0,0,0,0,0,0,0,0,0,0,10,10,10,10,10,10,10
6601910280,0,0,0,0,0,0,0,0,0,0,0,0,0,0,0,4,4,4,8,8,8,8,8
7003587547,0,0,0,0,0,0,0,0,0,0,0,9,9,9,9,9,9,9,9,9,9,9,9
23393061300,1,1,3,3,5,5,6,6,6,6,6,10,13,18,19,22,22,28,32,48,48,49,52
15830132600,0,0,0,0,0,0,0,0,0,0,0,0,0,0,0,0,0,5,5,5,5,5,5
6602371100,0,0,0,0,0,0,0,0,0,0,0,10,10,10,16,16,18,18,18,18,18,18,18
7801653515,0,0,0,0,0,0,0,0,0,0,0,0,0,0,0,0,6,6,6,6,6,6,6
6602366280,0,0,0,0,0,0,0,0,0,0,0,0,0,0,0,0,0,0,4,4,4,4,4
16426454000,0,0,0,0,0,0,0,0,0,0,0,0,0,0,0,0,0,0,12,12,12,12,12
6507813355,0,0,0,0,0,0,0,0,0,0,0,0,0,0,0,0,0,0,0,0,0,2,2
6701621800,0,0,0,0,0,0,0,0,0,3,8,8,8,11,12,12,12,12,12,12,12,12,12
6602564937,0,0,0,0,0,0,0,0,0,0,0,0,0,0,0,0,3,3,3,3,3,3,3
6602385337,0,0,26,26,26,26,26,26,26,26,26,26,26,26,26,26,26,26,51,51,51,51,51
6603244691,0,0,0,0,0,0,0,0,0,0,0,0,0,0,0,4,4,4,4,4,4,4,4
7003814013,4,4,4,4,4,6,6,9,9,10,10,27,27,27,30,30,33,34,36,39,39,41,50
55891286300,0,0,0,0,0,0,4,4,4,5,5,5,8,10,10,10,10,11,13,13,13,13,13
8513413900,0,0,0,0,0,0,0,0,0,0,0,0,0,0,0,0,0,4,4,4,4,4,4
6602849628,3,6,20,21,21,22,22,25,27,30,33,37,45,46,51,60,63,72,76,79,97,97,107
7006790590,0,0,0,0,0,3,8,19,22,23,29,29,29,29,29,29,29,29,29,29,29,29,29
6602117162,0,0,0,0,0,0,0,0,0,0,0,0,0,0,0,0,0,0,0,0,32,32,32
7003656057,0,0,0,0,0,0,0,0,0,0,0,0,0,0,0,0,0,0,0,0,0,0,6
7102147519,0,0,0,0,0,0,0,0,0,0,0,0,0,0,0,2,2,2,2,2,2,2,2
7006118880,0,0,0,0,0,0,0,0,0,10,19,19,37,40,55,60,64,98,111,118,132,140,145
8773064500,0,0,0,0,0,0,0,0,0,0,0,0,0,0,0,0,0,0,0,0,7,7,7
7007186419,0,0,0,0,0,0,0,0,11,11,20,20,20,20,20,20,20,20,20,20,20,20,20
7004347102,3,3,9,10,10,10,10,15,15,19,22,22,23,23,23,23,23,23,23,23,23,23,23
14028162200,0,0,0,0,0,0,0,0,0,0,4,4,4,4,4,10,10,14,14,22,22,22,22
7006326032,0,0,0,0,0,0,0,0,0,0,0,0,16,16,23,23,23,23,23,23,23,23,23
6603049348,0,0,0,0,0,0,0,0,0,0,0,0,0,0,0,0,0,0,0,0,2,2,8
36041532400,0,0,0,0,0,0,0,0,12,12,18,23,24,24,27,27,27,27,28,28,28,28,28
6701402446,0,0,0,0,0,0,0,0,0,0,0,0,0,0,0,0,0,0,0,0,0,0,3
15073752300,1,2,2,2,2,6,8,8,13,18,25,29,34,42,44,54,65,94,120,144,156,168,181
7103283027,0,0,0,0,0,0,0,0,0,0,0,0,0,0,45,45,45,45,45,45,45,45,45
7004197221,0,0,0,0,0,0,0,0,0,0,0,0,0,3,5,5,5,7,8,9,9,11,11
57198089802,0,0,0,0,0,0,0,0,0,0,0,0,74,74,74,74,74,74,74,74,74,74,74
7102011088,0,0,0,0,0,0,0,0,0,0,0,0,0,0,0,0,0,6,6,6,6,6,6
6603160660,0,0,0,0,0,0,0,0,0,0,0,0,0,0,0,0,7,8,8,8,8,8,8
6603954265,0,0,0,0,0,0,0,0,0,0,0,0,4,12,13,13,13,18,18,20,20,20,21
7007058092,0,0,3,3,3,3,6,9,9,9,9,9,13,13,13,13,13,13,13,13,13,13,13
55205881600,0,0,0,0,0,0,16,16,16,16,16,16,16,16,16,16,16,16,16,16,16,16,16
6701323856,0,1,1,3,3,3,3,3,4,4,4,4,4,13,19,19,26,30,32,43,46,47,47
6602589396,0,0,0,0,0,0,0,0,0,0,4,4,4,4,4,4,4,4,4,4,4,4,4
7004285990,0,0,0,0,0,0,0,0,0,0,0,0,0,0,0,0,0,0,0,0,0,0,26
36898540600,0,0,0,2,2,2,2,2,4,4,4,4,5,5,5,5,9,9,10,12,12,12,12
6602897183,1,1,1,3,4,7,8,8,10,15,16,16,20,22,23,26,26,27,27,27,27,31,38
12797850800,2,2,2,2,2,5,8,8,10,10,11,19,22,25,35,40,44,47,50,51,64,68,68
55911184300,0,0,0,0,0,0,0,0,0,0,8,8,8,8,8,8,8,8,8,8,8,8,8
7102385946,0,0,0,0,0,0,0,0,0,0,0,0,0,0,0,0,0,4,8,8,8,12,12
22966354500,0,0,0,0,0,0,0,0,0,0,0,0,0,0,0,0,0,0,8,8,8,8,8
7003681915,0,0,0,0,0,0,0,0,0,0,0,7,7,7,7,7,7,7,7,8,8,8,8
7005916637,0,0,0,0,0,0,0,0,0,0,0,0,20,20,20,20,20,20,20,20,61,61,79
35311585700,0,0,0,0,0,0,0,0,0,0,0,0,0,2,2,2,3,3,3,3,3,3,8
35373279300,0,0,0,0,0,0,0,0,0,0,0,0,0,0,28,28,36,36,43,43,50,50,50
7004131246,0,0,0,0,0,0,0,0,0,0,0,0,0,0,0,11,11,11,11,11,11,11,11
26643430700,0,0,0,0,0,0,0,0,0,0,0,0,0,0,3,4,4,7,7,8,8,10,10
7103337966,0,0,0,0,0,0,0,0,0,0,0,0,0,0,5,5,5,5,5,5,5,5,11
6602913723,0,0,0,0,0,0,0,0,0,0,0,0,0,0,0,0,0,0,0,10,10,10,10
6701665414,3,3,6,6,7,7,7,7,7,8,8,8,9,9,9,9,9,11,11,11,11,11,11
57203234808,0,0,0,0,0,0,0,0,0,0,0,0,13,13,68,68,144,144,170,170,172,172,314
8412823400,0,0,2,2,2,6,7,12,12,18,27,31,31,34,34,34,38,40,42,42,42,42,42
7202216600,0,0,0,0,0,0,0,0,0,0,0,0,0,0,0,0,0,0,0,0,0,0,6
35376873700,0,0,0,0,0,10,10,10,10,10,10,10,10,10,10,10,10,13,13,13,13,13,13
6701543905,1,1,2,2,2,2,4,4,5,5,5,5,5,5,5,5,5,5,6,6,6,6,6
7003322330,0,0,0,0,0,0,0,0,0,0,0,0,0,0,0,0,9,9,9,9,9,9,9
55816323300,0,0,0,0,0,0,0,0,0,0,0,0,0,0,22,22,22,22,22,22,22,22,22
6602354141,0,0,0,0,0,0,0,0,0,0,0,0,0,0,0,2,2,4,4,4,4,4,4
6602604601,12,12,12,25,28,28,28,28,28,28,28,28,28,28,28,28,28,28,28,28,28,28,28
6601969565,0,0,0,0,0,0,0,0,0,0,0,4,4,6,6,13,13,13,15,17,17,17,17
7005327227,0,0,0,0,2,2,2,2,2,7,9,9,9,9,9,9,9,9,9,9,9,9,9
6603956929,0,0,0,0,0,0,0,0,0,9,9,9,9,9,9,9,9,9,9,9,9,9,9
6603907203,0,0,0,0,0,0,0,0,0,0,0,7,7,7,7,7,7,7,7,7,7,15,15
24527161300,43,43,46,46,66,66,66,66,66,66,66,66,87,87,90,90,141,141,164,164,168,168,168
56216544800,0,0,0,0,0,0,0,0,0,0,0,0,0,0,4,9,9,9,9,9,9,9,9
7004166308,0,0,0,4,4,4,14,17,19,19,30,33,33,33,33,40,40,40,40,40,40,43,43
7007153388,0,0,0,0,0,0,0,0,0,0,0,0,0,0,0,0,0,0,0,0,0,0,5
26641314900,0,0,0,0,0,0,0,0,0,0,0,0,0,4,4,44,44,47,47,47,47,47,47
26642978200,0,0,0,0,0,0,0,0,0,0,0,0,0,0,0,0,7,7,7,7,7,7,7
57143738500,0,0,0,0,0,0,0,0,0,0,0,0,0,0,6,6,6,6,6,6,9,14,14
7801483505,12,12,12,12,12,12,19,19,19,19,19,19,30,30,30,30,30,43,43,43,43,60,60
7003586262,0,0,2,2,2,2,2,2,2,2,7,7,7,10,11,12,12,19,21,21,22,22,22
35583242000,0,0,0,0,0,0,0,0,0,0,0,0,2,4,4,4,4,4,5,5,5,5,5
8579646300,0,0,4,4,4,4,4,8,10,10,14,14,20,21,22,27,27,27,27,27,27,33,33
10040033000,0,0,0,0,0,0,0,0,0,0,0,0,0,0,0,0,0,1,1,1,1,1,1
9533908800,0,0,9,9,9,9,27,27,42,42,44,44,44,44,44,44,44,44,89,89,131,131,131
7003440089,0,0,0,0,0,0,0,0,0,0,1,1,1,1,7,7,7,7,7,7,7,7,7
6701772450,1,4,4,4,4,5,9,9,14,19,20,22,37,41,42,48,50,50,50,53,59,72,72
13806177200,0,0,0,0,0,0,0,0,18,18,33,33,83,83,142,142,148,148,179,179,326,326,368
57201631948,0,0,0,0,0,0,0,0,0,0,0,0,2,2,2,2,2,2,2,2,2,2,2
7003567324,0,0,0,0,0,0,0,0,4,4,4,4,4,4,4,4,4,4,4,4,4,4,4
35822952100,2,5,5,9,9,9,11,13,13,13,17,19,19,19,23,23,25,25,29,29,29,32,32
7201708194,0,0,4,4,4,4,4,4,4,4,4,4,4,4,4,4,4,4,4,4,4,4,4
6603559026,2,2,2,6,6,12,13,15,15,21,25,27,29,33,37,38,38,39,50,51,51,52,53
7005030491,0,0,0,4,4,4,5,5,5,8,8,8,8,8,8,8,8,10,10,10,10,10,10
7103014621,0,0,0,0,0,17,17,17,17,17,23,23,23,92,92,111,111,111,111,111,111,111,111
6701377812,0,0,0,0,0,0,0,0,0,0,0,0,0,3,3,3,3,3,3,3,3,3,3
7003855786,0,0,0,0,0,0,0,0,0,0,0,0,0,0,0,0,5,10,10,10,10,10,10
9271533200,0,0,0,0,0,0,0,0,0,0,7,7,7,7,7,7,7,7,16,19,19,19,19
7004083914,0,0,0,0,0,0,0,13,13,13,20,20,23,27,27,34,34,34,34,34,34,34,34
7101780684,0,0,0,0,0,3,3,3,3,3,3,3,3,3,3,3,3,3,3,3,3,8,8
57203103403,0,0,0,0,0,0,0,0,0,0,0,0,0,0,0,0,5,5,5,5,5,5,5
35572110200,0,0,0,6,6,6,6,6,6,6,6,15,15,15,21,21,21,21,21,21,32,37,37
6508196338,8,8,8,8,12,12,26,31,31,31,33,33,35,40,40,40,40,50,50,50,65,71,73
6602089870,0,0,0,0,0,0,9,9,9,9,18,20,20,20,23,23,23,23,23,23,23,23,23
12141507300,3,3,8,16,18,18,18,18,18,18,18,18,18,18,18,18,20,20,20,20,20,20,20
7004113812,0,0,0,0,0,0,0,0,0,0,0,0,0,0,0,0,0,0,4,4,4,4,4
8121701900,0,0,0,0,0,0,2,2,2,2,2,2,2,4,4,4,4,6,6,6,6,6,6
6602607621,0,0,0,0,0,0,0,0,0,0,0,0,0,4,11,16,16,16,17,17,17,17,17
7201904519,0,0,0,0,0,0,0,0,0,0,0,0,0,0,0,0,0,0,6,6,6,6,6
7003825993,0,0,0,0,0,0,0,0,0,0,0,68,68,68,68,68,68,68,73,73,73,73,73
7102774291,0,0,0,0,0,0,0,0,4,4,4,4,4,4,4,4,6,6,6,11,11,11,11
56269628300,0,0,0,0,0,0,0,0,11,11,11,11,11,11,11,11,11,11,11,11,11,11,11
6603720619,0,0,0,0,0,0,0,0,0,3,3,3,3,3,3,3,3,3,3,3,3,3,3
25641097800,0,0,0,0,0,0,0,0,0,0,0,0,0,0,0,6,6,6,6,6,6,6,6
6507681746,0,0,0,0,0,0,0,0,0,0,0,0,0,0,0,8,8,8,8,8,14,14,14
6602432699,0,0,0,0,0,0,0,0,0,0,0,0,0,0,0,0,0,0,7,7,7,7,7
10439279300,0,0,0,0,0,0,0,0,0,0,0,0,0,0,0,0,0,0,0,0,0,16,16
7003380784,0,0,0,0,0,2,2,2,2,2,2,2,2,3,3,3,4,7,7,7,7,7,7
7005679107,0,0,0,0,0,0,0,0,0,0,0,0,0,0,0,0,0,0,0,0,8,8,8
57195375481,0,0,0,0,0,0,0,0,0,0,0,0,0,0,0,7,7,7,7,7,7,7,7
7004037435,0,0,0,0,0,0,0,0,0,0,0,0,0,13,13,13,13,13,13,13,13,13,13
23014044600,0,0,0,0,0,0,0,0,0,0,0,0,0,0,9,14,14,33,33,33,33,36,36
7401810357,0,0,0,0,0,0,0,0,0,0,0,0,0,0,5,5,5,5,5,5,5,5,5
35114141700,0,0,0,0,0,0,0,0,0,0,0,3,3,5,5,5,5,5,5,5,5,5,5
36079459600,0,0,0,0,5,5,5,9,9,9,9,9,9,9,9,9,9,12,12,12,12,12,12
7004649272,0,1,3,3,3,4,5,5,5,5,5,5,5,5,5,5,5,6,6,6,6,6,6
56070044200,0,0,0,0,0,0,0,0,0,0,0,0,0,0,0,0,0,0,0,0,0,5,5
6603671892,0,0,0,0,0,0,0,4,4,7,7,7,7,7,7,7,7,7,7,7,7,7,7
6603072641,0,3,3,3,3,3,3,3,3,3,3,3,3,3,3,3,3,3,3,3,3,3,3
7003963256,0,0,0,0,0,0,0,0,0,0,0,0,0,0,0,0,0,0,0,0,3,3,3
6602193296,0,0,0,0,0,0,0,0,0,0,0,0,25,25,31,31,31,31,33,33,104,104,108
56212969100,0,0,0,0,0,0,0,0,0,0,0,0,0,0,0,0,20,20,26,26,26,26,26
8950391400,0,0,0,0,0,0,0,0,0,0,0,0,0,0,2,2,2,2,2,2,2,2,2
6603757430,0,0,0,0,0,0,0,0,0,0,0,2,2,2,2,2,2,2,2,2,2,2,2
57198168620,0,0,0,0,2,3,3,3,3,3,3,3,3,3,3,3,3,3,3,3,3,3,3
7402903296,0,0,0,0,0,0,0,0,0,0,0,0,9,9,9,9,9,9,9,12,12,12,12
7003562459,1,1,1,1,1,1,6,6,6,6,8,8,9,13,18,19,19,23,23,25,25,25,25
6701756825,0,0,1,1,4,4,8,9,9,9,9,13,17,17,17,22,23,26,27,29,31,36,39
6602371351,0,0,0,0,0,0,0,0,0,0,0,0,0,3,3,3,3,3,3,3,3,3,3
6701349164,1,1,3,6,9,10,11,11,11,11,17,17,19,20,22,24,24,25,25,25,25,25,25
7101901945,3,3,7,12,12,13,16,16,19,19,23,25,25,26,29,29,32,32,32,33,33,37,37
6602992296,3,3,3,3,7,8,14,16,18,18,19,21,26,36,41,46,53,62,79,84,88,91,93
55917152500,0,0,0,0,7,7,8,10,11,14,14,17,17,17,17,23,24,31,41,43,43,43,43
56007456700,0,0,0,0,0,0,0,0,0,0,0,0,4,4,20,20,20,20,20,20,28,28,28
6603799079,0,0,0,0,3,3,3,3,3,3,3,3,7,7,7,7,7,7,7,7,7,7,11
7202237871,0,0,1,1,2,2,2,2,3,8,10,11,13,15,15,18,20,20,20,22,22,22,23
7006929597,0,0,0,0,0,0,0,0,10,10,10,10,14,17,17,17,17,17,17,17,17,17,17
24528919800,0,0,0,0,0,43,43,43,43,43,43,43,43,43,68,68,68,77,77,77,77,77,77
55920867000,0,0,0,0,0,6,6,11,11,14,14,14,15,15,17,21,21,25,25,25,27,27,27
6603868516,0,0,0,0,0,0,0,0,0,0,2,2,5,5,15,15,15,15,15,18,18,27,31
6603780400,0,0,0,0,0,0,0,0,7,7,7,7,7,7,10,10,10,10,10,10,10,10,10
56235418400,0,0,0,0,0,0,0,0,7,7,7,7,7,7,7,7,8,8,36,36,36,36,36
7403304585,0,0,0,0,0,0,0,0,0,0,0,0,1,1,7,7,16,19,21,24,24,24,24
6602783793,0,0,0,0,0,0,0,0,0,0,0,0,0,0,0,2,2,2,2,2,2,2,2
35570142700,0,0,0,0,0,0,0,0,0,0,24,24,24,24,24,24,24,24,28,28,28,33,33
54989706000,0,0,6,6,6,6,10,10,10,17,17,17,17,27,52,52,52,66,66,66,66,66,66
7006410588,5,6,8,9,12,12,12,14,14,18,18,18,18,19,21,22,25,26,26,26,32,32,41
6602703362,0,0,0,0,0,0,0,0,0,0,0,0,0,4,4,4,4,4,4,4,4,4,4
56217131200,0,0,0,0,5,8,8,9,9,9,9,12,17,18,22,22,22,27,27,28,31,35,35
6602613029,0,0,0,0,0,0,0,0,0,0,0,0,0,0,0,0,0,0,0,0,11,11,11
6603806743,0,0,0,0,0,0,0,0,5,5,5,15,15,15,15,15,15,15,15,15,15,15,15
7003872805,0,0,0,0,0,0,0,0,0,0,0,0,0,0,0,0,4,4,6,6,6,6,6
36237904400,0,0,0,0,0,0,0,0,0,0,0,0,74,74,74,74,74,74,74,74,74,74,74
6603562009,0,0,0,0,0,0,0,0,0,0,0,17,17,17,26,26,35,35,35,35,35,35,40
57014110400,4,4,5,5,5,6,9,9,9,18,22,42,48,59,69,71,73,109,126,150,156,165,171
7003358050,3,9,9,9,11,11,15,15,15,15,15,17,17,17,17,17,17,23,23,32,32,37,37
6507084507,0,0,0,0,0,0,0,0,0,0,0,0,0,0,0,0,0,0,0,0,1,1,1
7004051195,0,0,0,0,5,12,19,19,22,30,30,32,47,62,62,65,65,66,66,66,66,66,79
7007150732,0,0,40,40,40,40,40,40,40,40,40,40,104,104,108,108,125,125,130,130,130,130,130
7004443252,0,0,0,0,0,0,0,0,0,0,0,0,0,0,0,0,0,9,9,9,9,9,9
56669348300,0,0,0,0,0,0,0,0,0,0,0,0,0,0,0,0,0,5,5,5,5,5,5
7004417666,0,0,0,0,0,0,0,0,0,0,0,0,0,0,0,0,0,0,6,6,6,6,6
8288949300,0,0,0,0,6,6,6,6,18,22,26,30,30,38,38,38,41,43,44,44,44,48,49
6603401311,0,0,0,0,0,0,0,0,0,0,0,0,0,0,0,0,13,13,13,13,13,13,13
6601994692,0,0,0,0,0,0,0,0,0,0,0,0,15,15,15,15,15,15,15,15,15,15,15
7005938505,0,0,0,0,0,0,0,0,0,0,0,0,0,0,0,5,5,5,5,5,5,5,5
7003916389,0,0,44,50,50,51,51,66,66,70,77,82,84,89,95,100,125,125,125,125,125,131,131
6602453537,0,0,0,0,0,0,0,0,0,0,0,0,0,0,0,0,0,0,2,2,2,4,4
7006721522,2,2,2,2,2,2,2,2,6,6,13,13,13,13,31,31,31,31,31,31,31,31,31
23048582500,0,2,2,2,2,2,2,3,4,5,5,5,7,7,7,7,8,9,9,9,9,10,10
8367736300,0,19,19,19,19,19,19,31,31,31,34,34,34,34,34,34,34,34,34,34,34,34,39
6603586597,0,0,0,0,0,0,0,0,0,0,0,0,0,5,5,5,5,5,5,5,5,5,5
6602856538,0,0,2,2,2,2,2,2,12,16,17,17,17,17,18,18,18,18,19,27,41,41,41
6601976087,0,0,0,0,0,0,0,0,0,0,0,0,0,0,0,0,0,2,2,2,2,2,2
6603887980,6,6,8,8,8,10,12,20,20,30,30,31,33,33,33,34,40,42,44,47,47,49,53
16068628300,0,0,0,0,0,0,4,14,14,14,16,18,18,18,28,28,28,28,31,57,57,66,68
6602816914,3,3,3,3,3,3,3,7,7,8,10,12,25,27,28,32,36,41,46,49,49,58,66
7004031624,0,0,0,0,0,3,3,4,4,4,4,4,4,4,5,8,8,11,11,15,15,15,19
55430562000,0,0,0,0,3,3,18,18,19,19,19,19,19,19,19,19,51,51,51,51,51,51,51
6601958095,0,0,0,0,0,0,0,0,0,0,0,0,0,0,5,5,5,16,16,16,16,16,16
6603212061,2,4,4,4,4,8,12,12,12,12,13,14,14,20,20,20,20,20,21,21,21,21,21
6603284207,3,3,3,5,10,10,12,12,14,15,34,49,54,60,66,70,74,76,81,81,85,86,92
35560538000,2,2,3,5,7,7,12,14,14,14,15,18,18,18,18,19,19,19,19,20,21,21,24
6603563925,2,4,5,5,5,7,9,9,10,10,12,14,15,17,17,18,19,20,20,20,20,20,20
6701566221,0,0,0,0,0,0,0,0,0,0,0,0,3,3,3,3,3,3,3,3,3,3,3
56008523200,0,0,0,0,0,0,0,8,8,8,8,8,8,8,8,8,8,10,10,10,10,10,10
7202014256,0,0,24,24,41,41,53,53,53,53,53,53,53,53,53,67,67,67,67,67,67,67,67
25637618400,1,1,1,1,1,1,1,1,1,1,1,1,1,1,1,1,1,1,1,1,1,1,5
7003697614,0,0,0,0,0,0,16,16,16,16,25,25,27,27,27,44,96,96,131,131,168,168,189
7005398377,0,0,0,0,0,0,0,0,0,4,10,23,23,23,29,29,30,30,41,41,41,54,54
6603200771,2,4,4,4,4,4,5,5,5,5,5,5,5,5,5,10,10,10,12,12,12,12,18
7006399056,0,0,0,0,0,0,0,0,0,0,0,0,0,5,13,13,15,23,32,32,32,32,32
7006386839,0,0,0,0,0,0,0,0,0,0,2,2,2,2,2,2,2,3,3,3,3,3,3
14059655700,0,0,0,0,0,0,0,0,0,0,0,0,0,0,1,1,1,1,1,1,1,1,4
9236372600,0,0,0,0,0,0,0,0,0,0,2,2,2,2,2,2,2,2,2,2,2,2,2
6603309733,0,4,4,4,4,4,4,4,4,4,4,4,6,9,9,9,9,9,9,9,9,9,9
7005577359,0,0,0,0,0,0,0,0,0,0,0,0,0,0,0,0,0,0,0,0,6,6,6
14827991900,4,4,4,4,4,4,7,8,14,16,16,20,22,22,33,34,40,68,70,76,77,82,91
6701518764,0,0,0,0,0,12,12,12,12,12,12,12,12,12,12,12,12,12,12,12,12,12,12
7005526386,0,0,0,0,0,0,0,0,0,0,0,0,0,0,0,0,0,0,0,0,0,0,15
8222100100,3,3,3,3,3,5,6,6,7,7,7,9,9,9,12,12,12,12,14,16,16,16,16
35563410600,0,8,8,8,13,13,13,13,13,13,13,13,13,13,13,13,13,13,13,13,19,19,19
6602294153,1,1,1,2,4,4,4,4,6,8,14,15,20,20,22,24,29,29,30,33,33,42,43
57204294964,0,0,0,0,0,0,0,0,0,0,0,0,0,0,0,0,0,0,0,5,5,5,5
6603171320,3,3,3,3,3,3,3,3,5,6,10,13,13,15,20,23,27,27,34,35,36,39,41
6603353146,0,0,0,0,0,0,0,0,0,0,0,0,0,0,4,4,4,4,4,4,4,4,4
35507925800,0,0,0,0,0,0,9,9,9,9,9,9,9,9,9,9,9,9,9,9,9,9,9
7004422811,0,0,0,0,0,0,0,0,0,0,0,0,0,0,0,0,0,0,0,0,0,5,5
6701703126,0,0,0,0,3,3,3,3,6,6,11,11,15,16,16,20,20,24,24,24,24,24,24
6603821515,0,0,0,0,0,0,0,0,0,0,0,5,5,12,12,12,12,12,12,12,12,12,12
7004647987,0,0,0,0,0,1,1,1,1,1,1,1,1,1,1,1,1,1,1,3,3,3,3
6603462990,3,6,6,7,8,8,12,12,15,17,18,18,19,22,23,23,25,28,28,28,28,29,29
7004176852,0,0,0,0,0,0,0,0,0,0,0,0,0,0,0,7,7,7,7,7,7,7,7
6603597871,0,0,0,0,0,0,0,0,0,0,0,0,0,0,0,0,0,0,5,5,5,5,5
7202494561,0,0,0,0,0,0,0,0,0,0,0,16,16,16,16,16,16,16,16,16,16,16,16
6603615478,0,0,0,0,0,0,0,0,0,0,0,4,4,4,4,4,4,4,4,4,4,4,4
6603580318,0,0,0,0,0,0,0,0,0,0,0,0,0,0,0,8,8,8,8,8,16,16,18
6602524667,3,4,4,6,8,8,11,14,15,15,19,19,23,26,30,35,35,37,40,47,48,54,54
35271209000,2,2,2,2,2,2,2,2,2,2,2,2,2,2,2,2,2,2,2,2,2,2,2
26650073200,0,0,0,0,0,0,0,0,0,13,13,13,13,13,13,13,13,13,13,13,13,13,13
6603632918,0,0,0,0,0,0,0,0,0,0,0,0,0,0,0,0,0,0,0,9,9,9,9
7004676146,0,0,0,0,0,0,0,0,0,0,0,0,0,0,0,5,5,5,5,5,5,5,5
36908234600,0,0,0,0,0,0,0,3,3,3,3,3,3,3,3,3,3,3,3,3,3,3,3
7005785297,0,0,0,0,0,0,0,0,0,0,0,0,0,0,0,0,10,10,10,10,10,10,10
8579910500,0,0,0,0,6,6,24,24,39,39,41,41,41,41,41,41,41,41,41,41,41,41,41
55966354600,4,4,8,10,10,10,10,11,11,11,11,11,11,14,14,14,14,14,14,14,18,21,21
6603532168,2,2,2,2,2,2,2,2,2,2,3,3,3,3,4,7,7,7,7,7,7,7,7
6701783349,0,0,0,0,9,9,9,9,16,16,16,16,16,16,26,26,28,28,28,31,62,69,69
7006674191,3,3,3,3,3,3,3,6,6,10,14,14,14,14,14,18,20,20,20,20,20,20,20
14631500300,3,3,3,3,3,3,4,5,6,8,11,14,16,20,22,22,25,25,31,32,32,38,38
56127776200,0,4,4,5,6,6,6,9,9,9,10,11,13,15,15,17,21,24,24,29,32,35,42
7006009131,0,0,0,0,0,0,0,0,0,0,0,0,0,0,0,0,79,79,79,79,79,79,79
7201904475,0,0,0,0,0,0,0,0,0,0,7,7,11,32,65,65,144,144,168,168,168,168,168
55932953000,0,3,5,5,5,5,5,5,5,8,52,55,55,55,57,57,57,58,58,58,58,58,58
7402063381,0,0,0,0,0,0,84,100,103,103,115,115,115,115,115,115,115,115,115,115,115,115,115
14629841400,43,43,43,43,43,43,43,43,43,43,84,84,114,114,152,152,257,275,309,309,322,322,370
7004046967,0,0,0,0,0,0,0,0,0,0,12,12,13,13,13,13,31,31,37,37,104,104,109
6602920396,0,0,0,0,0,0,0,0,0,0,0,0,0,0,0,5,5,5,5,5,6,6,6
6602681580,0,3,3,6,6,6,6,7,7,8,53,58,59,60,60,60,61,62,62,62,62,62,63
6603767515,0,0,0,0,0,0,5,6,6,11,12,16,18,19,24,24,26,26,36,38,41,43,45
6603055308,0,0,0,0,0,0,0,3,3,3,9,9,10,10,10,10,13,13,18,29,29,29,29
6506404788,3,3,3,5,5,5,7,7,8,8,8,8,9,11,14,16,17,17,21,22,23,23,35
7004162570,0,0,0,0,0,0,0,0,0,0,0,0,0,0,0,0,0,0,0,0,0,2,3
7005050281,0,0,0,0,5,5,5,5,5,5,5,5,5,5,5,5,5,5,5,5,5,5,5
8532086500,0,0,0,0,0,0,0,0,0,0,0,0,0,0,15,15,20,20,20,20,20,23,23
57200933127,2,2,4,4,12,15,18,20,25,30,32,33,40,47,64,68,75,75,78,86,86,90,95
6506645168,0,0,0,0,0,0,0,0,0,0,0,0,0,0,0,0,0,0,0,0,0,0,9
7004375369,0,0,0,0,0,0,0,0,0,0,0,0,0,0,0,9,9,9,9,9,9,9,9
57200771646,0,0,0,0,0,0,0,0,0,0,0,0,0,0,4,4,4,18,18,18,18,18,66
57196922272,0,0,0,0,0,4,14,25,25,25,25,25,28,28,45,49,49,49,49,49,49,49,49
57192408913,0,0,0,4,4,5,5,5,5,7,8,8,10,11,13,13,13,25,25,25,25,25,25
7003267532,0,0,7,7,7,7,16,16,16,16,23,23,64,64,69,69,83,83,83,83,89,89,97
6603435056,1,5,5,5,8,8,10,14,25,31,34,44,52,59,64,72,79,85,95,95,96,99,100
6506442780,0,0,0,0,0,0,0,0,0,4,4,4,4,6,6,6,6,6,6,6,6,6,6
6602667917,0,0,0,0,0,0,0,0,0,0,0,0,0,0,0,7,7,7,7,7,7,7,7
22946742500,0,0,0,0,0,0,0,0,0,0,0,0,0,2,2,2,2,2,2,4,4,4,4
6603517719,0,0,0,0,0,0,0,1,1,1,1,1,1,1,1,1,1,1,1,1,1,1,1
6603796954,0,0,0,0,0,0,0,0,0,0,0,0,5,5,5,5,5,5,5,5,5,5,5
12793621700,2,2,2,2,11,12,12,12,12,12,12,12,12,12,14,14,21,21,21,21,21,21,21
7006976561,0,0,0,0,0,0,33,33,33,33,33,33,38,38,38,38,38,38,38,38,60,60,98
23388675100,0,0,0,0,0,0,5,8,8,8,52,63,64,66,66,73,73,73,76,82,87,88,88
56211924700,0,0,0,0,0,17,17,17,17,17,17,17,17,17,17,17,17,17,17,17,17,17,17
6701688664,0,0,0,0,0,0,0,0,0,0,0,0,0,0,0,0,0,0,7,7,7,7,7
6603203249,0,0,0,0,0,0,0,0,0,0,0,0,5,5,9,10,14,14,15,17,17,17,17
7006952931,0,0,0,8,8,8,9,9,11,11,11,11,15,17,17,17,17,17,17,17,17,19,19
6701831709,0,0,0,0,0,0,0,0,5,5,5,5,5,5,5,5,5,5,5,10,11,11,11
55920272000,0,2,2,2,2,2,2,2,2,2,2,5,5,5,5,5,7,7,12,12,12,12,12
6701633876,0,0,0,0,0,0,0,0,0,0,0,0,0,0,0,0,1,1,1,1,1,1,1
7003366533,0,0,0,0,0,13,13,13,15,16,16,16,16,16,16,16,16,16,16,16,16,16,16
7005835864,0,0,0,0,5,5,5,5,5,5,5,5,5,5,5,5,5,5,5,5,5,5,5
56071484200,0,0,0,0,0,0,0,0,0,0,0,0,0,0,1,4,4,4,4,4,4,8,8
7003427039,0,0,0,0,0,0,0,0,0,0,0,0,5,5,13,15,25,52,64,70,70,79,85
6602756129,0,0,0,6,6,6,6,6,33,33,33,33,49,49,69,69,92,95,95,95,95,95,95
6603077826,0,0,0,0,0,0,0,0,0,0,0,0,0,0,31,31,31,31,31,31,31,31,31
6603962224,0,0,0,0,0,0,0,0,0,0,0,0,0,0,0,0,0,0,0,0,0,0,31
6602445849,0,0,0,0,0,0,0,0,0,0,0,0,0,0,5,5,5,5,5,5,5,5,5
16201934300,0,0,0,0,0,0,0,0,0,0,3,3,3,3,3,3,3,3,3,5,12,12,12
7102466958,0,0,0,0,0,0,0,0,0,0,0,0,0,0,0,9,16,25,38,55,66,66,78
6603396895,0,0,0,0,0,0,0,0,0,0,0,0,0,0,0,0,0,0,0,5,8,8,8
8369326000,1,2,2,2,2,3,3,4,10,11,11,11,13,14,16,16,16,22,26,29,29,31,38
7003265887,0,0,0,0,0,0,0,0,0,0,0,0,0,0,0,0,0,0,0,7,7,7,7
35557668700,0,0,0,0,0,0,0,0,0,0,0,0,0,6,6,10,10,10,10,10,10,10,10
55932292000,0,0,0,0,1,1,1,1,4,4,4,4,5,5,5,5,5,6,6,6,10,10,10
6603047897,0,0,0,0,0,0,0,0,0,0,0,0,0,0,0,0,0,0,0,0,2,2,2
6603693030,0,0,0,0,0,0,0,5,5,14,19,23,25,34,42,52,60,70,86,100,116,121,126
6602162753,0,0,0,0,0,0,0,5,5,9,9,9,23,23,23,23,23,23,23,23,23,23,23
7004335338,0,0,0,0,0,0,0,0,0,0,0,0,0,0,0,0,7,7,7,7,7,7,7
7404317084,0,0,0,5,5,5,5,22,32,32,32,32,32,35,48,54,60,65,68,71,71,71,71
7103333601,0,0,0,3,3,3,3,5,5,13,15,22,24,28,61,65,75,77,81,87,93,99,123
6602093640,0,0,0,0,0,0,2,2,6,6,6,6,6,6,6,6,6,6,6,6,6,6,6
6602114727,2,2,2,2,16,17,26,26,28,28,46,46,103,103,148,152,152,154,154,154,156,164,170
7004213354,0,0,0,0,0,0,0,0,0,0,0,21,21,29,29,29,29,29,45,45,45,49,49
56027416700,0,0,1,1,1,1,11,11,11,11,17,17,18,18,18,19,19,28,29,31,31,31,35
7004750980,0,0,0,0,0,0,0,0,0,0,24,24,52,52,82,82,82,142,142,142,142,155,155
6602971495,1,3,3,3,3,3,3,5,5,5,5,5,8,10,10,11,11,12,12,12,12,12,12
35588103400,0,0,0,0,0,0,0,0,0,0,0,5,5,5,5,6,6,6,6,6,6,6,6
6602080118,0,0,0,0,3,7,7,7,7,7,7,7,7,10,12,21,30,30,30,30,30,32,32
6602512921,0,0,0,0,0,0,0,0,0,0,0,0,0,0,0,0,0,0,0,0,1,1,1
6603597901,0,0,0,0,0,0,0,0,0,0,3,3,3,3,3,3,6,6,6,6,6,6,6
6602922530,0,0,0,0,0,0,0,0,0,0,0,0,0,0,0,0,0,2,2,2,2,6,6
6602100319,0,0,0,0,0,0,0,0,0,0,0,2,4,4,10,10,11,11,11,11,11,11,11
6701865663,0,0,0,0,0,5,6,7,7,7,10,11,11,12,18,18,20,25,28,28,42,46,48
6602466552,0,0,0,0,0,0,0,0,0,0,0,0,0,0,0,0,0,0,0,0,1,1,1
6603283837,0,0,0,0,0,0,0,0,0,0,0,0,0,0,0,0,0,4,4,4,4,4,7
52463608400,0,0,0,0,0,0,0,0,0,3,11,11,11,11,11,11,26,57,75,88,104,105,110
6603651141,3,3,3,3,4,4,7,8,12,26,26,26,28,32,34,36,40,41,41,41,41,41,41
6603653404,0,0,0,2,2,2,2,2,2,2,2,2,2,2,2,2,2,2,2,2,2,2,2
55958014700,0,0,1,1,4,6,6,9,9,11,14,15,17,21,24,24,24,24,24,28,28,29,32
55948254300,0,0,0,0,0,0,0,0,0,0,0,0,0,0,0,0,0,0,0,0,13,13,65
7102417950,0,0,0,0,0,0,0,0,0,0,0,0,0,0,2,2,2,2,6,13,13,13,13
6602758267,3,3,3,3,3,3,6,8,12,12,14,14,15,15,15,18,24,28,28,30,34,34,34
7402459968,0,0,0,0,0,13,13,13,13,13,13,19,19,39,42,42,42,42,42,42,61,61,61
7006424497,0,0,0,0,0,0,0,0,0,0,0,0,58,63,63,63,174,174,174,174,174,174,174
7202205840,2,4,4,4,4,8,8,9,10,14,14,15,15,16,21,22,23,23,23,24,28,28,28
6603939939,0,0,0,0,0,0,0,0,0,0,0,0,0,0,0,0,0,3,3,3,3,3,3
6603786536,0,0,0,0,0,0,0,0,0,0,0,0,0,0,0,0,0,0,0,0,0,9,9
6603796715,0,0,0,0,0,0,0,0,0,0,0,0,0,0,0,0,0,0,23,23,26,26,26
56013912000,0,0,0,0,0,0,0,1,1,1,1,1,1,1,1,4,4,4,4,6,6,8,8
6701770661,0,0,0,0,0,0,0,0,0,0,0,0,0,0,0,4,4,4,4,4,8,8,8
56262865200,3,3,3,3,3,3,8,17,17,21,21,21,21,26,28,28,28,28,32,32,32,33,33
7004598078,0,0,0,0,0,0,0,0,0,0,0,0,0,0,0,0,0,0,0,0,5,5,5
36042209300,0,0,0,0,0,2,2,2,2,2,2,2,2,2,2,2,2,2,2,2,2,2,2
7003268876,0,0,0,0,0,4,4,4,4,4,4,4,4,4,4,4,4,4,4,4,4,4,4
7004163183,0,0,0,0,0,0,0,0,0,0,19,19,19,19,19,44,48,89,89,89,111,111,133
55891663800,0,0,1,1,1,1,1,1,3,3,3,3,3,10,10,12,15,15,15,15,21,26,28
6701418305,0,0,0,13,13,13,15,15,15,15,15,18,18,18,18,18,18,18,28,28,28,28,28
7005077391,0,0,0,0,0,0,0,0,0,0,0,0,0,0,0,0,0,0,0,0,0,0,6
57190984490,0,0,0,0,0,4,4,4,4,4,4,4,4,4,4,4,4,4,4,11,11,11,11
7005495090,0,0,0,0,0,0,0,0,0,0,0,0,0,5,5,19,21,28,28,29,29,34,34
7005938979,0,2,2,3,4,7,14,22,22,23,25,28,31,43,46,47,47,49,49,49,49,49,49
56229033800,0,0,0,0,0,0,0,0,0,0,0,0,0,0,0,8,8,10,10,11,11,11,11
56240124100,0,0,0,0,0,0,0,0,0,0,0,0,0,0,0,0,0,0,0,0,0,5,5
6603737812,0,0,0,0,0,0,0,0,0,0,0,0,0,0,0,0,0,0,0,0,0,9,9
6603763331,0,7,7,7,7,7,16,20,20,20,20,20,20,20,20,25,25,25,25,27,27,31,31
7006812494,0,1,1,6,9,9,9,9,10,12,12,12,18,21,28,29,32,34,34,36,36,36,51
7007155308,0,0,20,20,22,22,58,58,74,74,74,97,97,99,99,99,102,144,144,144,156,156,185
9433128600,1,1,1,2,2,2,2,2,3,3,5,9,9,13,14,14,14,34,34,37,38,46,48
35497957100,0,0,0,3,3,3,3,3,3,3,3,3,3,3,3,3,3,3,3,3,3,3,3
6603253992,2,2,3,3,3,11,14,14,14,14,19,20,23,27,38,47,49,51,57,58,70,74,94
7102931301,0,0,0,0,0,0,0,0,0,0,0,0,0,0,0,0,0,4,4,4,4,4,4
7005913706,0,0,0,0,0,0,0,0,0,0,0,0,0,0,0,0,0,0,0,7,7,7,7
6602995912,2,2,2,5,6,8,8,8,8,8,11,15,15,17,18,20,23,23,24,26,27,28,32
11539777900,5,5,5,5,5,5,5,5,5,25,25,25,25,25,25,25,25,25,25,25,25,25,25
7003507600,0,0,0,0,0,0,33,33,33,33,33,33,33,33,33,33,33,33,33,33,33,33,33
6506702816,4,4,4,4,5,5,5,5,5,7,8,8,10,10,10,10,10,10,10,12,15,15,17
6602713807,0,0,0,3,3,4,4,4,4,4,4,4,4,4,4,4,4,8,8,8,8,8,8
35476249100,0,0,0,0,0,0,0,0,0,0,0,0,0,0,0,6,6,6,6,6,6,6,6
6701685294,0,0,0,0,0,0,0,0,0,0,0,1,7,7,8,8,11,13,13,13,13,14,14
56268462500,0,0,0,0,4,4,4,4,4,4,4,4,4,6,6,6,6,6,6,6,8,8,8
36800857900,0,0,0,0,0,0,0,0,6,6,6,6,6,6,6,6,6,6,6,6,6,6,6
7403325473,0,0,0,0,0,0,13,13,50,50,70,70,106,116,123,123,138,138,198,198,275,275,307
7003445480,0,0,0,0,0,0,0,0,0,0,8,8,8,8,8,14,14,14,14,14,14,18,18
6602433889,1,1,1,1,1,1,1,1,1,1,3,3,3,3,17,18,18,18,22,26,26,26,36
35883670400,0,0,11,11,19,19,48,48,57,64,69,69,122,130,239,239,285,285,331,331,447,447,499
56587711600,0,0,3,3,3,6,8,8,8,8,10,12,13,13,18,18,31,31,34,34,34,34,34
6602489544,0,0,0,0,0,0,0,0,0,0,0,0,0,0,0,0,0,0,0,0,0,4,4
7005328956,0,0,0,0,0,0,4,4,4,4,4,4,4,4,4,11,25,33,33,43,50,50,50
7003829783,0,0,0,0,0,0,0,0,0,0,0,0,0,2,2,2,2,2,2,2,2,2,2
6701551178,0,0,0,0,0,0,0,0,0,0,0,0,0,4,4,4,6,6,6,6,6,6,6
35273021600,0,0,0,0,0,0,100,116,119,119,131,131,145,145,145,145,145,145,145,145,145,145,145
7006514668,0,0,0,0,0,0,0,0,0,0,0,0,0,0,0,0,0,0,0,0,0,0,2
55880347100,1,1,2,2,10,10,11,12,12,13,13,13,14,17,28,33,40,48,50,50,50,54,56
6603725659,0,0,0,1,1,2,2,2,2,5,5,8,9,13,15,16,16,19,19,19,19,19,19
6701499862,0,0,0,0,0,0,0,0,0,0,0,0,0,0,0,0,0,0,0,7,7,7,7
7006338258,0,0,0,0,0,0,0,5,5,5,5,5,5,5,5,5,5,7,7,7,7,7,7
6603630468,0,0,0,0,0,0,0,0,0,0,0,0,0,0,0,0,3,3,3,3,5,5,10
6602277422,0,0,0,0,0,0,0,0,0,0,0,0,0,0,0,0,2,2,2,2,2,2,2
7201680196,0,0,0,0,0,0,0,0,0,0,0,0,0,0,0,0,0,0,0,0,0,4,4
6602828818,0,0,10,10,10,10,26,26,39,39,88,88,94,94,142,151,170,173,207,209,295,302,353
7003820378,2,3,3,3,6,21,21,21,21,22,22,24,28,33,34,36,38,39,40,55,56,59,59
7004023480,0,0,0,0,0,0,0,0,0,0,2,2,2,4,4,4,4,4,4,4,4,4,4
6602694349,6,6,6,6,6,6,6,6,6,6,6,6,6,6,6,6,6,6,6,6,6,6,6
15061865800,1,2,3,10,10,14,15,15,15,16,18,20,24,27,27,27,34,46,53,53,54,65,76
6602100485,0,0,0,0,0,0,5,5,5,5,5,5,5,5,5,5,5,5,5,5,5,5,5
6602681197,0,0,0,0,0,0,0,0,0,0,0,0,0,0,0,0,0,0,4,4,4,4,4
6602886840,0,0,0,0,0,3,3,4,4,4,6,6,6,6,7,7,7,12,12,12,15,15,15
7004679156,2,4,5,5,5,5,7,8,12,12,18,18,23,23,25,25,25,25,25,25,28,29,29
57200784100,0,0,0,0,0,0,0,0,0,0,0,0,0,0,4,4,4,4,4,4,4,4,4
7006002616,0,0,0,0,0,0,0,0,0,0,0,0,0,0,0,0,0,0,0,0,0,4,4
6603585219,0,0,0,0,0,0,0,0,0,0,0,0,0,0,0,6,6,6,6,6,6,6,6
23397408400,0,2,2,2,2,2,2,6,8,11,12,14,16,19,19,21,21,27,27,30,32,34,34
56068494600,0,0,0,0,0,0,0,0,0,0,0,0,0,13,13,13,13,13,13,13,13,13,13
12758143100,0,0,0,0,0,0,0,0,3,3,3,3,3,3,3,3,3,3,3,3,3,3,3
35802786900,0,0,0,0,0,0,0,0,0,0,0,0,0,0,0,0,2,2,2,2,2,2,2
15219380800,0,0,0,0,1,1,1,1,1,1,3,6,9,9,9,9,9,9,11,11,11,12,12
7006794820,0,0,0,0,0,0,0,0,0,0,0,0,0,0,0,3,3,3,3,3,3,3,3
7004263614,0,0,0,0,0,0,0,0,0,0,0,0,2,2,2,2,2,2,8,8,8,12,21
35377760800,0,0,0,0,5,5,8,8,8,8,34,36,37,58,58,58,58,58,58,63,74,74,74
7003368777,0,0,0,0,0,0,0,0,0,0,0,0,0,0,16,27,27,27,27,30,30,30,30
6603815392,0,0,0,0,14,14,14,14,14,14,14,14,14,14,14,14,14,14,14,14,14,14,14
6701445972,0,0,0,0,0,0,0,0,0,0,0,0,0,0,0,0,2,2,2,2,2,2,2
57204227786,0,0,0,0,2,2,2,2,2,2,2,2,2,2,2,2,2,10,10,10,10,10,10
6603474561,0,0,0,0,0,0,0,3,3,3,3,9,9,9,11,11,11,11,13,15,15,16,17
23003814700,0,0,4,4,4,4,4,4,4,7,7,7,7,7,11,17,17,19,24,25,25,32,38
7402173457,0,0,4,5,5,10,10,10,10,15,15,15,15,15,15,15,15,15,15,15,15,15,15
23134894300,4,4,4,4,8,8,9,10,12,13,13,14,14,16,19,21,23,25,26,27,27,32,32
6604099189,0,0,0,0,0,0,0,0,0,0,3,6,6,6,8,8,8,11,11,11,12,13,17
6701688716,0,0,6,10,12,12,37,38,44,74,142,147,201,202,253,265,338,346,370,384,501,503,643
7102068181,0,0,0,0,0,0,0,0,0,0,0,0,0,0,0,0,0,0,0,0,0,0,2
7007058021,0,0,0,0,0,0,0,0,0,0,0,0,0,0,0,8,8,8,8,12,12,14,14
7006195032,9,9,16,16,16,25,25,25,32,32,32,32,32,32,32,32,32,32,32,32,32,32,32
7801573578,3,6,6,8,8,8,8,8,9,14,16,20,20,22,22,24,24,26,28,28,31,32,38
6603546544,0,0,0,0,0,0,0,0,0,0,0,11,11,14,30,31,38,38,40,40,43,46,46
56017357800,0,0,0,0,0,0,0,0,0,0,0,0,0,0,0,5,5,5,5,5,5,5,5
56227768000,0,0,0,0,0,0,18,18,18,18,49,55,74,75,78,91,127,142,168,168,174,174,182
6701614193,0,0,0,0,0,0,0,0,0,0,0,0,0,0,0,0,0,0,0,12,12,19,19
7005799521,1,1,1,2,2,3,5,5,9,13,15,15,21,28,30,34,38,40,42,45,50,52,53
6507068554,0,0,0,0,0,0,0,0,0,0,0,4,4,4,4,4,4,4,4,10,10,10,10
7005092034,0,0,0,0,0,0,0,0,0,0,0,0,0,0,0,0,0,2,2,2,2,2,2
6602115251,0,0,0,0,0,0,1,1,1,1,1,1,1,1,1,1,1,1,1,1,1,1,1
7006869760,0,0,0,0,0,31,31,31,51,51,51,51,51,51,51,51,51,51,51,51,51,51,51
6701856531,0,0,0,0,0,0,0,5,5,5,5,5,5,5,5,5,24,29,29,29,29,29,29
7003334453,0,0,0,0,0,0,0,0,0,0,0,0,0,0,0,0,0,0,0,0,0,0,11
7006270549,5,6,9,11,12,12,16,18,18,22,25,27,32,38,39,39,43,44,46,50,50,52,52
35232489400,2,4,7,7,9,9,11,15,16,22,23,23,26,26,31,33,40,49,65,76,82,97,113
55988867400,0,0,0,0,0,0,0,0,0,0,0,0,78,78,78,78,78,78,115,115,131,131,131
7102149742,0,0,0,0,0,0,0,0,0,0,0,0,0,5,5,5,5,5,5,12,12,12,12
7201803888,0,0,6,6,6,6,6,6,6,6,6,6,6,6,6,6,10,10,10,10,10,10,10
6603089095,0,0,0,0,0,0,0,0,0,0,0,7,7,10,10,10,10,10,10,10,10,10,10
7006694748,0,0,0,0,0,0,0,0,0,0,0,0,0,0,0,0,0,0,3,3,3,3,3
6602992194,0,0,0,0,0,0,0,0,0,0,0,0,0,0,0,3,3,3,3,3,3,3,3
6602487964,3,3,4,4,4,4,4,4,5,6,6,16,26,29,32,33,37,38,46,59,61,65,67
34570054300,0,0,0,0,0,0,50,50,50,50,50,50,50,50,50,50,110,110,149,149,149,149,149
7201597625,0,0,0,0,0,0,3,12,12,17,20,30,33,45,46,46,48,48,48,48,48,48,48
6701542947,2,2,2,2,2,2,2,2,2,2,2,4,4,4,4,4,4,4,4,4,4,4,4
7003621411,0,0,0,0,0,0,0,0,0,0,0,0,0,0,0,7,7,7,7,7,7,7,7
6601981412,0,0,0,0,0,0,0,0,0,0,0,0,0,0,0,0,0,0,0,0,0,0,2
23397879000,1,1,1,1,1,2,2,2,2,2,6,10,10,10,10,10,14,14,14,14,19,19,19
6602737541,6,6,6,6,6,6,14,14,14,14,14,14,19,19,24,27,27,27,27,27,27,27,27
7004870594,3,3,3,3,3,3,3,5,7,8,8,8,8,8,8,8,8,8,8,8,15,16,16
7103376845,0,9,9,9,9,9,9,9,9,9,9,9,9,9,9,9,9,9,19,19,19,19,19
6507256539,0,0,0,0,0,0,0,0,0,0,0,0,0,0,0,0,0,0,0,0,0,8,8
